id,title,content,pub_date,source_url,category
cfefebde59c99258cbd45f6b55cea7902ceedf22dc886f5ec8177c34769d0286,"Some on-air claims about Dominion Voting Systems were false, Fox News acknowledges in statement after deal is announced","",2023-04-19 12:44:51,https://www.cnn.com/business/live-news/fox-news-dominion-trial-04-18-23/index.html,Others
4247529eb42d15ecf54c386c1277ee7bfa380199e898dec599b5f5dd0d9b2dd4,Dominion still has pending lawsuits against election deniers such as Rudy Giuliani and Sidney Powell,"",2024-01-29 09:49:00.635122,https://www.cnn.com/business/live-news/fox-news-dominion-trial-04-18-23/h_8d51e3ae2714edaa0dace837305d03b8,Others
bfe2766cc2b2c41b6c66ad5282f48bc30ebc75d2d6b80956f31922816b7ba2eb,Here are the 20 specific Fox broadcasts and tweets Dominion says were defamatory,"‚Ä¢ Fox-Dominion trial delay 'is not unusual,' judge says
‚Ä¢ Fox News' defamation battle isn't stopping Trump's election lies",2023-04-17 16:01:11,https://www.cnn.com/2023/04/17/media/dominion-fox-news-allegations/index.html,Others
9caf1fca7ffc0378cb0d7375a5ec9d76dc926983091fcb5fc083e43134b388ad,Judge in Fox News-Dominion defamation trial: 'The parties have resolved their case',The judge just announced in court that a settlement has been reached in the historic defamation case between Fox News and Dominion Voting Systems.,2023-04-19 08:28:17,https://www.cnn.com/2023/04/18/media/fox-dominion-settlement/index.html,Others
10cd4eff93d74b29b02848805f18a87c51eb96aed0ce03a298ccf943aff1f948,'Difficult to say with a straight face': Tapper reacts to Fox News' statement on settlement,"A settlement has been reached in Dominion Voting Systems' defamation case against Fox News, the judge for the case announced. The network will pay more than $787 million to Dominion, a lawyer for the company said.",2023-04-18 21:17:44,https://www.cnn.com/videos/politics/2023/04/18/jake-tapper-dominion-lawsuit-settlement-fox-news-statement-lead-vpx.cnn,Others
fd372104ea51d79429ae7b0f0a19c5aff9a2b59227ad2f356596199532fe71af,Millions in the US could face massive consequences unless McCarthy can navigate out of a debt trap he set for Biden,"‚Ä¢ DeSantis goes to Washington, a place he once despised, looking for support to take on Trump
‚Ä¢ Opinion: For the GOP to win, it must ditch Trump
‚Ä¢ Chris Christie mulling 2024 White House bid
‚Ä¢ Analysis: The fire next time has begun burning in Tennessee",2023-04-18 20:34:45,https://www.cnn.com/2023/04/18/politics/mccarthy-biden-debt-ceiling/index.html,Others
b73ebca6dfe42a292424df03c98db094b652f958cf794eea31e6eb6effd11a26,White homeowner accused of shooting a Black teen who rang his doorbell turns himself in to face criminal charges,"‚Ä¢ 'A major part of Ralph died': Aunt of teen shot after ringing wrong doorbell speaks
‚Ä¢ 20-year-old woman shot after friend turned into the wrong driveway in upstate New York, officials say",2023-04-19 04:29:05,https://www.cnn.com/2023/04/18/us/kansas-city-ralph-yarl-shooting-tuesday/index.html,Others
c8b9585799e14ce2a81416eff73d4be16b00dd237cb9792045d7e93427168a56,Newly released video shows scene of Jeremy Renner's snowplow accident,"Newly released body camera footage shows firefighters and sheriff's deputies rushing to help actor Jeremy Renner after a near-fatal snowplow accident in January. The ""Avengers"" actor broke more than 30 bones and suffered other severe injuries. CNN's Chloe Melas has more.",2023-04-18 14:09:43,https://www.cnn.com/videos/us/2023/04/18/jeremy-renner-snowplow-accident-bodycam-nc-melas-contd-vpx.cnn,Others
898adf9adf42f36aa690a1385990899324bba1d0d2778edf992bde9a92e85bef,Jake Gyllenhaal and Jamie Lee Curtis spent the Covid-19 lockdown together,It's sourdough bread and handstands for Jake Gyllenhaal and Jamie Lee Curtis.,2023-04-18 14:40:32,https://www.cnn.com/2023/04/18/entertainment/jake-gyllenhaal-jamie-lee-curtis-pandemic-living/index.html,Others
612d1cafae8f40b0a85b41f234ead35d1006c69baae5214353c4110d066946bb,"Toddler crawls through White House fence, prompts Secret Service response","A tiny intruder infiltrated White House grounds Tuesday, prompting a swift response from the US Secret Service.",2023-04-18 17:38:16,https://www.cnn.com/2023/04/18/politics/white-house-toddler/index.html,Others
83763e83fb3c65b738bbd06070cfc5f9b35d6383e94754b73abb648cd6efb7fa,Jamie Foxx remains hospitalized nearly a week after 'medical complication',"Jamie Foxx remains hospitalized in Georgia nearly a week after his daughter revealed the actor experienced a ""medical complication,"" a source with knowledge of the matter told CNN on Monday.",2023-04-18 00:27:07,https://www.cnn.com/2023/04/17/entertainment/jamie-foxx-remains-hospitalized/index.html,Others
1e63b36da2c88a346462f2b4c103a887fa376a3a7144b5824e88fb7cc958901f,A 13-year-old dies after participating in a Benadryl TikTok 'challenge',"A 13-year-old in Ohio has died after ""he took a bunch of Benadryl,"" trying a dangerous TikTok challenge that's circulating online, according to a CNN affiliate and a GoFundMe account from his family.",2023-04-19 15:01:06,https://www.cnn.com/2023/04/18/us/benadryl-tiktok-challenge-teen-death-wellness/index.html,Others
318ce7d3634c7a019833a2820733e11df1ce9f23158545dbf1154e38f9d8d5d0,See pizza delivery guy take out suspect fleeing police,"Pizza guy delivers more than a pie, taking out a fleeing suspect. CNN's Jeanne Moos shows him putting his best foot forward.",2023-04-18 16:40:22,https://www.cnn.com/videos/us/2023/04/18/pizza-guy-trips-perp-moos-cprog-orig-bdk.cnn,Others
9815604ad90995d09a42fd3a2aec94a5411ad9018ffbfd3a1e59055bfd8dd030,Netflix is winding down its DVD business after 25 years,Netflix is officially winding down the business that helped make it a household name.,2023-04-18 20:10:51,https://www.cnn.com/2023/04/18/media/netflix-dvd-red-envelopes/index.html,Others
3d41c37f61559a1c4a0aab9ae06cf28123748af53c2c6e9cfdc9b98f05dabff4,FTC chair Lina Khan warns AI could 'turbocharge' fraud and scams,"Artificial intelligence tools such as ChatGPT could lead to a ""turbocharging"" of consumer harms including fraud and scams, and the US government has substantial authority to crack down on AI-driven consumer harms under existing law, members of the Federal Trade Commission said Tuesday.",2023-04-18 17:59:38,https://www.cnn.com/2023/04/18/tech/lina-khan-ai-warning/index.html,Others
90008913fa4268f9457f4f21658d2b464ee5262ae5ab3f0ea3edab39bcbba9fc,"Eating too much of these foods is driving the rise in type 2 diabetes, study says","Gobbling up too many refined wheat and rice products, along with eating too few whole grains, is fueling the growth of new cases of type 2 diabetes worldwide, according to a new study that models data through 2018.",2023-04-17 16:02:46,https://www.cnn.com/2023/04/17/health/rise-type-2-diabetes-global-wellness/index.html,Others
ec6aca41bd904330f0b74f1c9e4d680795729b0f69fcd20b0c7aa0ec1b53291a,ADHD medication abuse in schools is a 'wake-up call',"At some middle and high schools in the United States, 1 in 4 teens report they've abused prescription stimulants for attention deficit hyperactivity disorder during the year prior, a new study found.",2023-04-25 17:44:36,https://www.cnn.com/2023/04/18/health/teen-misuse-adhd-meds-wellness/index.html,Others
ba43004abadba182df09698803f53203e125752a246da540b725a9b37907e37c,Apple CEO was presented with an original Macintosh. See his reaction,CEO Tim Cook personally welcomed customers to the new Apple store in Mumbai as the tech company opens its first retail stores in India. CNN's Vedika Sud reports.,2023-04-18 09:17:25,https://www.cnn.com/videos/tech/2023/04/18/apple-store-mumbai-india-ceo-tim-cook-vedika-sud-ovn-biz-ldn-vpx.cnn,Others
b5b3943ee8f776cb6acdf3816b4e44b993d11bd7199395e943a83cc834fb60db,Democrats bash Justice Clarence Thomas but their plan to investigate ethics allegations is unclear,"Senate Democrats railed against Justice Clarence Thomas on Tuesday amid reports that the Supreme Court conservative failed to disclose luxury travel, gifts and a real estate transaction involving a GOP megadonor, but their plan to investigate the conservative jurist remains unclear.",2023-04-18 20:29:46,https://www.cnn.com/2023/04/18/politics/clarence-thomas-ethics-democrats/index.html,Others
e5a953ff2b1f5379b0a1ff59f35c61c38a3f6bf9a2ff52d0adcbe240337fa9ae,"Russia is 'going backwards' in equipment and deploying post WWII-era tanks, according to Western officials","‚Ä¢ Jailed Wall Street Journal reporter Evan Gershkovich denied detention appeal in Moscow
‚Ä¢ Putin visits Russian troops at military headquarters in Kherson
‚Ä¢ Watch moment WSJ journalist appears in Russian court",2024-01-29 09:49:00.635122,https://www.cnn.com/europe/live-news/russia-ukraine-war-news-04-18-23/index.html,Others
bb2836b3ffc4210e18083e6fe0fc922aa0388cb9f14f3029da00229d3b646df1,Two Russians claiming to be former Wagner commanders admit killing children and civilians in Ukraine,Two Russian men who claim to be former Wagner Group commanders have told a human rights activist that they killed children and civilians during their time in Ukraine.,2023-04-18 19:07:52,https://www.cnn.com/2023/04/17/europe/wagner-commanders-russia-kill-children-intl-hnk/index.html,Others
d576596a095b31bca2ea8113717d7d6d9db96799dca1d4052a72b0963dab1793,'My stomach is hurting from laughing': Hear panelist's reaction to DeSantis' threat to Disney,CNN panelists react to Florida Gov. Ron DeSantis floating the idea of building a competing theme park next to Disney World in Orlando.,2023-04-18 03:24:56,https://www.cnn.com/videos/business/2023/04/18/desantis-disney-competition-panel-reax-pt-vpx.cnn,Others
a89b98ba00f3bae0062debe2fbf1a3fec1ab161505cf752726398717b3beb2ff,GOP prepared to block vote to replace Feinstein on Senate Judiciary,"Senate Majority Leader Chuck Schumer said on Tuesday that he hopes to replace Democratic Sen. Dianne Feinstein on the Senate Judiciary Committee with Sen. Ben Cardin of Maryland and aims to set up a floor vote on the issue this afternoon, which Republicans are expected to block.",2023-04-18 22:03:13,https://www.cnn.com/2023/04/18/politics/schumer-senate-feinstein-vote-cardin/index.html,Others
f056daff7f0f1018c79a1a3e7be4808d952e88f85413c566accfdb5e15d42c9e,Oklahoma governor calls on officials to resign over recording of racist and threatening remarks,"",2023-04-18 17:33:17,https://www.cnn.com/2023/04/18/us/mccurtain-county-oklahoma-officials-recording/index.html,Others
384082d94fece98afdfd0c97c6e8df8a489ed3a02a794bc86cb99e687488adc7,McCarthy slams Biden in handling of US debt,House Speaker Kevin McCarthy traveled to Wall Street on Monday to deliver a fresh warning that the House GOP majority will refuse to lift a cap on government borrowing unless Biden agrees to spending cuts that would effectively neutralize his domestic agenda.,2023-04-18 22:03:01,https://www.cnn.com/videos/politics/2023/04/18/kevin-mccarthy-wall-street-speech-debt-ceiling-biden-economy-vpx.cnn,Others
fd16171af8cdbc0db33ab22de4bfb4171165efb9f35bc4a57fb4ccadb972f93f,US warns Russia not to touch American nuclear technology at Ukrainian nuclear plant,"The US has sensitive nuclear technology at a nuclear power plant inside Ukraine and is warning Russia not to touch it, according to a letter the US Department of Energy sent to Russia's state-owned nuclear energy firm Rosatom last month.",2023-04-19 08:35:33,https://www.cnn.com/2023/04/18/politics/us-warns-russia-zaporizhzhia-nuclear-plant/index.html,Others
3c8669275ea1ad63e596bd956d34d4c301f00c3b520da076c23d80724c7c5ab8,Repeated gunshots fired on live TV as ex-lawmaker shot by assassins,"Atiq Ahmed, a former lawmaker in India's parliament, convicted of kidnapping, was shot dead along with his brother while police were escorting them for a medical check-up in a slaying caught on live television on Saturday. CNN's Vedika Sud reports.",2023-04-18 09:41:42,https://www.cnn.com/videos/world/2023/04/18/india-ex-lawmaker-atiq-ahmed-assassination-sud-pkg-contd-ovn-intl-hnk-vpx.cnn,Others
3ddc63728f0ba71803dce64d29e8e2ead1f88c35946d6cb6eeddfbc3385bdfe5,FDA clears the way for additional bivalent boosters for certain vulnerable individuals,"The U.S. Food and Drug Administration amended the terms of its emergency use authorizations for the Pfizer and Moderna bivalent vaccines on Tuesday, allowing people ages 65 and older and certain people with weakened immunity to get additional doses before this fall's vaccination campaigns.",2023-04-18 15:09:15,https://www.cnn.com/2023/04/18/health/fda-bivalent-booster-additional-doses/index.html,Others
b316b6c4424ab3c3195cb84d238b137459d58c03773380db84cb2f1a83cf2dd5,Maine authorities detained a person of interest after 4 people were found dead in a home and 3 others shot while driving,"Maine authorities have detained a person of interest and continue to investigate after two shooting incidents that appear to be connected left at least four people dead and three others injured, state police said.",2023-04-19 01:49:51,https://www.cnn.com/2023/04/18/us/maine-shooting-bowdoin-yarmouth/index.html,Others
2446e8438bf23f6cd671c84a9e55fbc7082b97016b61769b01f7675fa0b6b023,Southwest says flights resumed after delays caused by 'tech issues',"‚Ä¢ Delta Air Lines reports record bookings for summer travel
‚Ä¢ Air France and Airbus acquitted in trial over 2009 plane crash",2023-04-18 17:15:29,https://www.cnn.com/travel/article/southwest-airlines-flight-delays/index.html,Others
5a81dde39a31c265196e17c01254c5ff9c8071091772c6c30a9c23579b9b0bd8,Damar Hamlin cleared to resume football activities after January cardiac arrest,"Buffalo Bills safety Damar Hamlin, who has been cleared to resume football activities, said Tuesday his cardiac arrest during an NFL game in January was caused by commotio cordis.",2023-04-18 22:11:37,https://www.cnn.com/2023/04/18/sport/damar-hamlin-cleared-to-train-nfl-spt-intl/index.html,Others
0750aefe26ec3390f0351303b099850c859acbc18e64a94dcf7626bc812e9fd2,Pilot makes history after landing on top of a 56-story hotel,Polish pilot Lukasz Czepiela made history after landing a plane on a helipad at the top of a 56-story hotel in Dubai.,2023-03-19 11:22:30,https://www.cnn.com/videos/travel/2023/03/17/pilot-lands-on-dubai-helipad-cprog-orig-aw-ao.cnn,Others
dd1116c5ed7ae40fe9be05b94e70a06de02c8ddc9a20c313d756cba3a4d15c80,Top US Navy admiral defends non-binary sailor amid some Republican criticism,"The top US Navy admiral ardently defended a non-binary sailor on Tuesday amid some criticism from Republican lawmakers, saying he is ""particularly proud of this sailor.""",2023-04-18 19:56:40,https://www.cnn.com/2023/04/18/politics/gilday-defends-non-binary-sailor/index.html,Others
e21dfcb5fac96fd5f8a216a4484b15eca8a5126a70fabf8b85f6ec02de6b59c7,Fulton County DA says fake Trump electors are incriminating one another and wants lawyer disqualified,"The Fulton County District Attorney's office said some fake electors for Donald Trump have implicated each other in potential criminal activity and is seeking to disqualify their lawyer, according to a new court filing.",2023-04-19 15:31:24,https://www.cnn.com/2023/04/18/politics/fulton-county-trump-fake-electors/index.html,Others
97b7e1fb813628bbd17afcee3b003119b9c0321c4ef23e21622cc32e1f21fa4a,High speed trains are racing across the world. But not in America,High speed trains have proved their worth across the world over the past 50 years.,2023-04-19 02:39:40,https://www.cnn.com/travel/article/high-speed-rail-us/index.html,Others
5b8276911c0a4b63bb61325279ddbddba6359d2a35b0b0669f6b0d3b0d125b7b,Podcast: One country musician is calling for other artists to oppose assault rifles,"",2024-01-29 09:49:00.635122,https://www.cnn.com/audio/podcasts/the-assignment/episodes/42a2f0e2-066a-4675-82ff-afe2016a0bb5,Others
b2b0c7486daefe48658da33d4285a5e9dbfd120a0eb117e3acf28e9db66dc5de,Here's what you need to know if you haven't filed your return yet ‚Äî and even if you have,"It's April 18, the official deadline to file your federal and state income tax returns for 2022. (It is also, apparently, National Animal Crackers Day for those who celebrate.)",2023-04-18 14:15:43,https://www.cnn.com/2023/04/18/success/tax-day-2023-file-irs/index.html,Others
89787cb0f735057b26d7636a64478e3ed057fb26d267c179f48839e0f25a102b,"Undocumented immigrants are paying their taxes today, too",It's a surprising fact that's often overlooked in the immigration debate.,2023-04-18 18:29:24,https://www.cnn.com/2023/04/18/us/undocumented-immigrants-taxes-cec/index.html,Others
27fbf1581585a184320fee8da07a50750371d5bddc18991c81e3719b62b19703,Opinion: Why millionaires like us want to pay more in taxes,"Tuesday is Tax Day in America, one of the most stressful days of the year, when many taxpayers will finally end their procrastination, file their federal returns, and hope for a refund from the IRS. But for many of the nation's wealthiest, it's just another Tuesday.",2023-04-17 19:32:49,https://www.cnn.com/2023/04/17/opinions/us-tax-system-wealthy-disney-pearl/index.html,Others
7a15043866adc38e26cf302e146f89a5c81e5b8b6c29d7b31135ed910f1ad6d5,'World's longest' purpose-built cycling tunnel opens in Norway,"There are many ways to explore the seven mountains that surround the picturesque UNESCO World Heritage city of Bergen on Norway's fjord-studded west coast. The newest, however, might well be record-breaking.",2023-04-18 10:44:27,https://www.cnn.com/travel/article/worlds-longest-cycling-tunnel/index.html,Others
46e5e1c74264a8cd3086c8c19dd7f966b815357b9e603258c7d2c5f3ab00602b,Artist rejects photo prize after AI-generated image wins award,A German artist has rejected an award from a prestigious international photography competition after revealing that his submission was generated by Artificial Intelligence (AI).,2023-04-18 15:27:54,https://www.cnn.com/style/article/ai-photo-win-sony-scli-intl/index.html,Others
339ea85c5b7e9c9b1e07de65b33358c26989a1d15b48e04608811f5a70940f0a,These ships disappeared in Lake Superior a century ago. Watch as they're found again,"The Great Lakes Shipwreck Historical Society has found two of three ships that sank in the same Lake Superior storm more than a century ago, locating one in 2021 and the other in 2022.",2023-04-18 19:29:01,https://www.cnn.com/videos/travel/2023/04/18/century-old-shipwrecks-lake-superior-discovery-contd-orig-zt.cnn,Others
f4e2ec28240a18c1b1ee8e311629c823b303f93dd24542e0cb427fb41e31d1a9,Erotic images of seniors show sex and intimacy in new light,"What does intimacy look like for seniors? There's no end to sex scenes and other steamy content featuring the young and unwrinkled, but past a certain age, popular culture largely draws a blank ‚Äî or treats sex as a punchline.",2023-04-18 03:24:57,https://www.cnn.com/style/article/marilyn-minter-artist-elder-sex/index.html,Others
262747847d1443f0d65d0451200b46baa7c897a4a785f9e0e732bd5d93839fa4,"China's economy is off to a solid start, rising 4.5% in Q1 2023",China's economy is off to a solid start in 2023 following its emergence from three years of strict pandemic restrictions.,2023-04-18 07:01:12,https://www.cnn.com/2023/04/17/economy/china-gdp-q1-2023-intl-hnk/index.html,Others
89571ec7e2d5c5908986cc3e327de1c938560e7aa06e56b2d07d08f99ea58f22,"Even when wives make as much as husbands, they still do more at home","‚Ä¢ Four out of the five US metro areas with the lowest unemployment are in Florida. Here's why
‚Ä¢ Opinion: The overlooked problem with raising the retirement age for Social Security",2023-04-16 17:29:49,https://www.cnn.com/2023/04/16/success/husbands-wives-earning-division-of-labor-pew-survey/index.html,Others
5c6792ceb704316dba12577d4156621b096617f67a7aa8e24a7acc03baa28845,McDonald's is upgrading its burgers,"McDonald's, which has been focusing on upgrading its core items to boost sales, is rolling out a series of changes designed to improve its signature burgers.",2023-04-17 16:31:30,https://www.cnn.com/2023/04/17/business/mcdonalds-burgers/index.html,Others
cf4c6780b95ed755b0162036645025066f49b4b9aaaceea1ce378c7c2bf51078,Google-parent stock drops on fears it could lose search market share to AI-powered rivals,"Shares of Google-parent Alphabet fell more than 3% in early trading Monday after a report sparked concerns that its core search engine could lose market share to AI-powered rivals, including Microsoft's Bing.",2023-04-17 15:52:19,https://www.cnn.com/2023/04/17/tech/google-ai-search-engine-stock-drop/index.html,Others
640d5e3e9a3beb277ef5106af6d22085ce3787eee5d6fbcf95b299d626bdaa2a,Bidets save you money and reduce waste ‚Äî we tested the best options out there,"",2024-01-29 09:49:00.635122,https://www.cnn.com/cnn-underscored/reviews/best-bidets?iid=CNNUnderscoredHPcontainer,Others
e4525e306bb1b77f08cfdf18f13aaf062fd043a7656f4736dce8b17a5e7df7d1,50+ products to make your life easier and our planet cleaner,"",2024-01-29 09:49:00.635122,https://www.cnn.com/cnn-underscored/home/editors-favorite-sustainable-products?iid=CNNUnderscoredHPcontainer,Others
9e0962f303cdedf2699e57b152a9e1defeb82f9223da4c2d990b93b0fc6bb352,Mother's Day is around the corner. Here are 50+ thoughtful gifts she'll love,"",2024-01-29 09:49:00.635122,https://www.cnn.com/cnn-underscored/gifts/best-mothers-day-gifts-2023?iid=CNNUnderscoredHPcontainer,Others
fcf410807f82ece981411058d54536e351afa9521efedebba6eafe86aa939e4c,"A head-to-toe guide of how men should dress this spring, and where they should shop","",2024-01-29 09:49:00.635122,https://www.cnn.com/cnn-underscored/fashion/mens-spring-fashion-style-guide?iid=CNNUnderscoredHPcontainer,Others
04f559013e8efabdd7e9f159196ac344d7ae989d1cf72716e40b02b6091aa03a,42 of the most useful travel products you can buy on Amazon,"",2024-01-29 09:49:00.635122,https://www.cnn.com/cnn-underscored/travel/amazon-travel-products?iid=CNNUnderscoredHPcontainer,Others
a6e8dffaae021da50d9ff7fa5565face7af5038be93f18b670b010d5407ce38b,The 7 best high-yield savings accounts of April 2023,"",2024-01-29 09:49:00.635122,https://www.cnn.com/cnn-underscored/money/high-yield-savings-accounts?iid=CNNUnderscoredHPcontainer,Others
b08c7c0dd87d793fcff872495c515e65f378e270fea17e84145bf9921553082d,Taxes are due tomorrow. Here's how to file for an extension,"",2024-01-29 09:49:00.635122,https://www.cnn.com/cnn-underscored/money/how-to-file-taxes?iid=CNNUnderscoredHPcontainer,Others
a407e30dcae3b6b87659c617074898b7f85af5817b7a098d3a54544875ab5aa8,Composting is an easy way to reduce food waste. Here's how to do it,"",2024-01-29 09:49:00.635122,https://www.cnn.com/cnn-underscored/home/how-to-compost-at-home?iid=CNNUnderscoredHPcontainer,Others
9747dcfec86ee0820579a6e67d30f9357573aac5b144ec75ca108236c35b705e,We stopped using aluminum foil for cooking and you should too. Here's what to use instead,"",2024-01-29 09:49:00.635122,https://www.cnn.com/cnn-underscored/reviews/mmmat-silicone-mats?iid=CNNUnderscoredHPcontainer,Others
36338d27fbac058ab276da1030f25c28d8ff7f9998eab91c45819b255edafc46,The beloved Dyson Supersonic hair dryer is at its lowest price ever,"",2024-01-29 09:49:00.635122,https://www.cnn.com/cnn-underscored/deals/dyson-supersonic-sale-2023-04-17?iid=CNNUnderscoredHPcontainer?iid=CNNUnderscoredHPcontainer,Others
0885038cb9ad10e35e8e08e8b49771026276d4a595b09fea1d13963f558c865b,"Everything you need to know about Way Day 2023, Wayfair's biggest sale of the year","",2024-01-29 09:49:00.635122,https://www.cnn.com/cnn-underscored/deals/wayfair-way-day-2023-04-17?iid=CNNUnderscoredHPcontainer,Others
b1cf1a58c1765097dcbb92c64d40a6472c91a49185c8e0e1b9db7a51c4747877,The 10 best Amazon deals to shop this week,"",2024-01-29 09:49:00.635122,https://www.cnn.com/cnn-underscored/deals/best-amazon-deals-2023-04-12?iid=CNNUnderscoredHPcontainer,Others
e4d304a06fc0297495dc0ccc94ca9b403c79bc87295ea8a5af1358b44d3ac832,Mifepristone saved my life,"The ruling earlier this month by a Texas federal judge to suspend the US Food and Drug Administration's approval of a drug that is used frequently for medication abortions, is very personal for me.",2023-04-18 11:30:00,https://www.cnn.com/2023/04/18/opinions/medication-abortion-mifepristone-miscarriage-jones-ctpr/index.html,Others
9383f841e2fbec0e3bc95e1480e5dffd43b7106f907b35f55931a2f92382d6c8,The 2024 presidential alternative many voters will want,"",2024-01-29 09:49:00.635122,https://www.cnn.com/2023/04/18/opinions/2024-presidential-election-alternative-voters-lieberman,Others
70a73508b5ae5095d06368b10001993b9afbbb33b9f35f5d075cec4c68135bf1,Why isn't the House Judiciary Committee looking into Thomas?,"On Monday, the GOP-controlled House Judiciary Committee ‚Äî chaired by Donald Trump ally Rep. Jim Jordan ‚Äî is set to hold a field hearing in New York City called ""Victims of Violent Crime in Manhattan."" A statement bills the hearing as an examination of how, the Judiciary Committee says, Manhattan District Attorney Alvin Bragg's policies have ""led to an increase in violent crime and a dangerous community for New York City residents.""",2023-04-17 11:37:37,https://www.cnn.com/2023/04/17/opinions/jim-jordan-clarence-thomas-judiciary-committee-obeidallah/index.html,Others
322f41a4b5dbd376a49e3f0c228cbb5b67cb32079164f5dac5b287bc47c67c08,Top secrets come spilling out,"In 1917, British analysts deciphered a coded message the German foreign minister sent to one of his country's diplomats vowing to begin ""unrestricted submarine warfare"" and seeking to win over Mexico with a promise to ""reconquer the lost territory in Texas, New Mexico and Arizona"" if the US entered the world war. When it became public, the Zimmerman Telegram caused a sensation, helping propel the US into the conflict against Germany.",2023-04-16 11:22:36,https://www.cnn.com/2023/04/16/opinions/top-secrets-come-spilling-out-opinion-column-galant/index.html,Others
a61fb91c6c0d0b8a70b9b51ff45277bce1af178ef281b9f9542a2a6f3573112a,How did Sudan go from casting off despotic rule to this?,"Four years ago, almost to the day, the people of Sudan were celebrating a revolution after overthrowing longtime dictator Omar al-Bashir. Now the East African country faces the possibility of a complete collapse similar to the chaos we see today in Yemen or Libya.",2023-04-17 22:45:23,https://www.cnn.com/2023/04/17/opinions/sudan-revolution-to-civil-war-lynch/index.html,Others
6027a8d5048c4512b0d6e616739be3cf2dce0bf5b7e193e8a719461e72a34112,Michelle Yeoh set to return in new 'Star Trek' movie,"Live long and prosper, Michelle Yeoh.",2023-04-18 19:11:23,https://www.cnn.com/2023/04/18/entertainment/michelle-yeoh-star-trek-section-31/index.html,Others
1d9c985391f15f16fdb1e59a937976de086534951637c692a008c4edb3349d8b,Recap: 'Succession' finds dark humor in the aftershocks,"After the shock came the aftershocks, the power vacuum, and perhaps most significantly and impressively, the laughs, as ""Succession"" pivoted to face life after Logan Roy, in an episode that finally put the HBO show's title into full flower.",2023-04-17 02:28:12,https://www.cnn.com/2023/04/16/entertainment/succession-season-4-episode-4-recap/index.html,Others
13bede2f2713aa31d77e64416e7562167c5f9f842667ed1de7bf2617681a2507,"'Yellowjackets' leans hard into '90s music nostalgia, and we're here for it","Of the many dark gifts Showtime's eerie hit series ""Yellowjackets"" serves up for us, the juiciest this season is by far the music.",2023-05-01 23:02:04,https://www.cnn.com/2023/04/14/entertainment/yellowjackets-90s-music/index.html,Others
cb8e5f799187c53719e2b0283ac29085e82e06519fefa796c9c6fbc8449fe489,Jeremy Renner revisits 'the amazing group of people' who helped him recover from his accident,"Jeremy Renner is continuing his recovery after his devastating snowplow accident in January, and recognizing those who've helped him along the way.",2023-04-16 19:04:10,https://www.cnn.com/2023/04/16/entertainment/jeremy-renner-update/index.html,Others
f413073c97000f48b800e79212937ffcb501121dce5f568e47fa1244b25111b7,Review: 'Barry' takes a whack at its farewell season,"""Barry"" has taken chances from the very beginning, which is certainly true of a fourth and final season that picks up where the third left off, with its hitman-turned-wannabe actor getting arrested. That paves the way for an even darker season that accentuates the show's ensemble aspect while leaning a little too heavily on blurring lines with flights of fancy.",2023-04-14 12:33:08,https://www.cnn.com/2023/04/14/entertainment/barry-season-4-review/index.html,Others
ccf10f70960f49363cd86554cb036f1920e5fc2aa61db417a7634f00f7907f9f,New York is lapping San Francisco in the return-to-office race,"<img class=""type:primaryImage"" src=""https://i.kinja-img.com/image/upload/c_fit,q_80,w_636/2d05801dfd6406f66ba077ca660056d6.jpg"" /><p>The Big Apple has more successfully brought its workers back to the office than other major US cities‚Äîespecially San Francisco.<br /></p><p><a href=""https://qz.com/new-york-san-francisco-return-to-office-1851201948"">Read more...</a></p>",2024-01-28 10:00:00,https://qz.com/new-york-san-francisco-return-to-office-1851201948,Others
5dd3689e67acaa2fa32e177d879332ec7a73dd1db051b5ba77479a4dbb1ef990,AI girlfriend chatbots won't last,"<img class=""type:primaryImage"" src=""https://i.kinja-img.com/image/upload/c_fit,q_80,w_636/7532a116eed8ae00b36baa1e331c3ba2.jpg"" /><p>Relationship <a class=""sc-1out364-0 dPMosf sc-145m8ut-0 lcFFec js_link"" href=""https://qz.com/more-than-2-500-apps-launched-in-2023-with-chatbot-in-1851153054"" rel=""noopener noreferrer"" target=""_blank"">chatbots</a> are all the rage right now. Just look at the plethora of <a class=""sc-1out364-0 dPMosf sc-145m8ut-0 lcFFec js_link"" href=""https://qz.com/ai-girlfriend-bots-are-already-flooding-openai-s-gpt-st-1851159131"" rel=""noopener noreferrer"" target=""_blank"">AI girlfriend bots that quickly flooded OpenAI‚Äôs GPT store</a> after it launched earlier this month‚Äîeven though they seemed to violate the new store‚Äôs rules.</p><p><a href=""https://qz.com/ai-girlfriend-chatbots-openai-gpt-store-relationships-1851198193"">Read more...</a></p>",2024-01-27 10:00:00,https://qz.com/ai-girlfriend-chatbots-openai-gpt-store-relationships-1851198193,Others
0e9eb7b5f2201ef43d37c2bf9b734e3b9595cd48f2cf7c6bedc87bcca9bbe1d8,Trump admin cut funding to UN agency now accused of participating in Hamas attack ‚Äòfor reason‚Äô: Rep. McCaul,Texas Republican Rep. Michael McCaul highlighted on &quot;Fox News Sunday&quot; that former President Trump cut funding to the United Nations Relief and Works Agency during his administration.,2024-01-28 19:14:55,https://www.foxnews.com/politics/trump-admin-cut-funding-un-agency-now-accused-participating-hamas-attack-reason-rep-mccaul,Others
6b03ae9f87ac808050083a9bc9de03551f2f0a0efc96d9f5e257fe48c64317d2,"Weekend Tech Innovation Roundup January 27, 2024","<img class=""type:primaryImage"" src=""https://i.kinja-img.com/image/upload/c_fit,q_80,w_636/4611ae84e32bc161fb91376c38884269.jpg"" /><p>Fears of robots taking over people‚Äôs jobs have been a recurring theme <a class=""sc-1out364-0 dPMosf sc-145m8ut-0 lcFFec js_link"" href=""https://qz.com/1681832/the-history-of-the-future-of-work#:~:text=Today%20many%20worry%20that%20strides,supposedly%20denied%20a%20patent%20to"" rel=""noopener noreferrer"" target=""_blank"">for centuries</a>, and with recent advancements in AI, the <a class=""sc-1out364-0 dPMosf sc-145m8ut-0 lcFFec js_link"" href=""https://www.bbc.com/worklife/article/20230418-ai-anxiety-artificial-intelligence-replace-jobs"" rel=""noopener noreferrer"" target=""_blank"">anxiety has resurfaced</a>. But fear not, humans! A <a class=""sc-1out364-0 dPMosf sc-145m8ut-0 lcFFec js_link"" href=""https://www.bloomberg.com/news/articles/2024-01-22/humans-still-cheaper-than-ai-in-vast-majority-of-jobs-mit-finds?sref=P6Q0mxvj"" rel=""noopener noreferrer"" target=""_blank"">new study </a>from the Massachusetts Institute of Technology (MIT) offers a reassuring perspective: most jobs are currently too expensive to automate‚Ä¶</p><p><a href=""https://qz.com/weekend-tech-innovation-roundup-january-27-2024-1851201024"">Read more...</a></p>",2024-01-27 09:00:00,https://qz.com/weekend-tech-innovation-roundup-january-27-2024-1851201024,Others
2ac0b3aaa4299f6c8a80f8b64a66e6a16ff3469956d7c3a7c896349c5d435b2e,"Weekend Money Markets Roundup January 27, 2024","<img class=""type:primaryImage"" src=""https://i.kinja-img.com/image/upload/c_fit,q_80,w_636/e092f8d68ef4c43063c0cdff9362524b.jpg"" /><p>There was a whole lot of excitement around the prospect of exchange-traded bitcoin funds a couple weeks ago, when the US Securities and Exchange Commission announced that it had <a class=""sc-1out364-0 dPMosf sc-145m8ut-0 lcFFec js_link"" href=""https://qz.com/first-bitcoin-exchange-traded-funds-are-cleared-by-us-r-1851157071"" rel=""noopener noreferrer"" target=""_blank"">approved use of the investing tool</a>. Someone even <a class=""sc-1out364-0 dPMosf sc-145m8ut-0 lcFFec js_link"" href=""https://www.reuters.com/technology/sec-account-hack-renews-spotlight-xs-security-concerns-2024-01-10/"" rel=""noopener noreferrer"" target=""_blank"">hacked the SEC‚Äôs account on the X social media platform</a> to break the news early! But that‚Ä¶</p><p><a href=""https://qz.com/weekend-money-markets-roundup-january-27-2024-1851201022"">Read more...</a></p>",2024-01-27 09:00:00,https://qz.com/weekend-money-markets-roundup-january-27-2024-1851201022,Others
bdf82260175ce5dababcb1138c8ee0453ee8a9f1f93272b9909e3138ba4d83a4,"Weekend Business News Roundup January 27, 2024","<img class=""type:primaryImage"" src=""https://i.kinja-img.com/image/upload/c_fit,q_80,w_636/691653f5045499e4600939c8f7469625.jpg"" /><p>Japan and Singapore enjoyed the shared distinction of <a class=""sc-1out364-0 dPMosf sc-145m8ut-0 lcFFec js_link"" href=""https://qz.com/most-powerful-passports-2023-ranking-1850024908"" rel=""noopener noreferrer"" target=""_blank"">having the most powerful passports in the world</a> since 2019. But they‚Äôre not alone anymore. </p><p><a href=""https://qz.com/weekend-business-news-roundup-january-27-2024-1851201021"">Read more...</a></p>",2024-01-27 09:00:00,https://qz.com/weekend-business-news-roundup-january-27-2024-1851201021,Others
fbfbc1a844b3c1d6cc59721715794ff27e726cc888450f60d2cace19bdaa944d,AmEx members expensed $100 billion at restaurants last year,"<img class=""type:primaryImage"" src=""https://i.kinja-img.com/image/upload/c_fit,q_80,w_636/595ce2621cb29cf1368539618fa01843.jpg"" /><p>They might not be flying as much, and they might be a skosh late on their bills, but American Express customers sure do love to eat. For the first time in 2023, they expensed more than $100 billion at restaurants around the world.</p><p><a href=""https://qz.com/amex-members-expensed-100-billion-restaurants-2023-1851202356"">Read more...</a></p>",2024-01-26 21:43:00,https://qz.com/amex-members-expensed-100-billion-restaurants-2023-1851202356,Others
f1b44582a4e47e879b422399be6830a9e4b81f266db50cb8751cd63392f63757,"Big Tech's investments in AI has regulators asking Microsoft, Amazon, and Google some questions","<img class=""type:primaryImage"" src=""https://i.kinja-img.com/image/upload/c_fit,q_80,w_636/a41aaade0aa5e4911d0d248ce34c692a.jpg"" /><p>It was only a matter of time before the US Federal Trade Commission (FTC), which regulates competition, decided to i<a class=""sc-1out364-0 dPMosf sc-145m8ut-0 lcFFec js_link"" href=""https://www.ftc.gov/news-events/news/press-releases/2024/01/ftc-launches-inquiry-generative-ai-investments-partnerships"" rel=""noopener noreferrer"" target=""_blank"">nvestigate big tech‚Äôs partnerships with AI companies</a>. The agency is looking specifically at three separate multi-billion-dollar investments, including Microsoft and OpenAI, Amazon and Anthropic, and‚Ä¶</p><p><a href=""https://qz.com/microsoft-amazon-google-ai-investments-ftc-1851202060"">Read more...</a></p>",2024-01-26 21:40:00,https://qz.com/microsoft-amazon-google-ai-investments-ftc-1851202060,Others
8aac5fc5412156f9c30fb58b2d8e1f687b02ede25a55c04224d8680cbfd2d6a0,"Microsoft, Google, Salesforce, and more: 2024 starts with tech layoffs already set to surpass last year","<img class=""type:primaryImage"" src=""https://i.kinja-img.com/image/upload/c_fit,q_80,w_636/cc77853c21f262c97bfa16534d527fde.jpg"" /><p>There have been <a class=""sc-1out364-0 dPMosf sc-145m8ut-0 lcFFec js_link"" href=""https://qz.com/tech-layoffs-might-surpass-2023-1851198088"" rel=""noopener noreferrer"" target=""_blank"">more than 24,000 layoffs in the tech industry</a> in just the first few weeks of 2024. The total number of<a class=""sc-1out364-0 dPMosf sc-145m8ut-0 lcFFec js_link"" href=""https://qz.com/tech-layoffs-might-surpass-2023-1851198088"" rel=""noopener noreferrer"" target=""_blank""> job cuts doubled this week alone</a>, squashing hopes for an end to <a class=""sc-1out364-0 dPMosf sc-145m8ut-0 lcFFec js_link"" href=""https://qz.com/from-overhiring-to-optionality-what-we-can-learn-from-1850267076"" rel=""noopener noreferrer"" target=""_blank"">last year‚Äôs doom and gloom in tech</a>.</p><p><a href=""https://qz.com/google-amazon-apple-tech-layoffs-1851173569"">Read more...</a></p>",2024-01-26 19:37:00,https://qz.com/google-amazon-apple-tech-layoffs-1851173569,Others
e3384919f29a2f95adabab0f605560e36830dddaa9498cb55a382829931b4bfb,Biden's natural gas export pause adds to his mixed climate record,"<img class=""type:primaryImage"" src=""https://i.kinja-img.com/image/upload/c_fit,q_80,w_636/7546d060302a99ed037e7c49b0df3970.jpg"" /><p>The Biden Administration is trying to have its cake and eat it too when it comes to fossil fuels and climate policy. The <a class=""sc-1out364-0 dPMosf sc-145m8ut-0 lcFFec js_link"" href=""https://www.whitehouse.gov/briefing-room/statements-releases/2024/01/26/fact-sheet-biden-harris-administration-announces-temporary-pause-on-pending-approvals-of-liquefied-natural-gas-exports/"" rel=""noopener noreferrer"" target=""_blank"">White House announced Friday</a> (Jan. 26) that it was going to pause all pending approvals of natural gas export facility projects, including Calcasieu Pass 2 facility in Louisiana, which would have‚Ä¶</p><p><a href=""https://qz.com/biden-pause-biggest-natural-gas-export-project-1851201347"">Read more...</a></p>",2024-01-26 19:24:00,https://qz.com/biden-pause-biggest-natural-gas-export-project-1851201347,Others
002d80a530a39ad11c6835351ae5a9d8a8af1bcf5bfe794ba05f6778012968f7,"Southwest, American, and Delta are feeling the impacts of Boeing's troubles","<img class=""type:primaryImage"" src=""https://i.kinja-img.com/image/upload/c_fit,q_80,w_636/87927b967b81ee8e61b078c1e5bea263.jpg"" /><p>It‚Äôs not just <a class=""sc-1out364-0 dPMosf sc-145m8ut-0 lcFFec js_link"" href=""https://qz.com/united-airlines-says-its-growth-will-slow-for-years-bec-1851189943"" rel=""noopener noreferrer"" target=""_blank"">United Airlines</a> and Alaska Airlines that were <a class=""sc-1out364-0 dPMosf sc-145m8ut-0 lcFFec js_link"" href=""https://qz.com/737-max-9-united-alaska-return-to-air-1851196101"" rel=""noopener noreferrer"" target=""_blank"">impacted</a> by the <a class=""sc-1out364-0 dPMosf sc-145m8ut-0 lcFFec js_link"" href=""https://qz.com/boeing-737-max-9-alaska-airlines-stock-fallout-1851156730"" rel=""noopener noreferrer"" target=""_blank"">grounding of Boeing‚Äôs 737 Max 9s</a>. Delta, Southwest, and American have taken a gut punch, too.<br /></p><p><a href=""https://qz.com/southwest-american-and-delta-feel-the-impacts-of-boei-1851200829"">Read more...</a></p>",2024-01-26 17:53:00,https://qz.com/southwest-american-and-delta-feel-the-impacts-of-boei-1851200829,Others
e1e72a520fb689afa0eeb710b7c69c39e262e0a052845aee883c5b104ac9a2a7,Elon Musk's AI startup is reportedly looking to raise up to $6 billion,"<img class=""type:primaryImage"" src=""https://i.kinja-img.com/image/upload/c_fit,q_80,w_636/1e3b0a6c83a146ea9901be5df186961c.jpg"" /><p>Looks like Elon Musk is trying to mount a challenge to OpenAI‚Äîwith some serious funding behind it. His competitor xAI is reportedly in talks to raise up to $6 billion at a proposed valuation of $20 billion, the Financial Times <a class=""sc-1out364-0 dPMosf sc-145m8ut-0 lcFFec js_link"" href=""https://www.ft.com/content/28983bdc-2a38-4103-beae-08d9542ab69d"" rel=""noopener noreferrer"" target=""_blank"">reported on Friday</a> (Jan. 26).<br /></p><p><a href=""https://qz.com/elon-musks-ai-startup-is-reportedly-looking-to-raise-up-1851200609"">Read more...</a></p>",2024-01-26 16:54:00,https://qz.com/elon-musks-ai-startup-is-reportedly-looking-to-raise-up-1851200609,Others
3a4de3509f0407cffce5d1bf4133967f66b494f7f9e2f25b1f0041f6b802bc04,üåé Is 2024 the year of tech layoffs?,"<img class=""type:primaryImage"" src=""https://i.kinja-img.com/image/upload/c_fit,q_80,w_636/21871a1358c3ed2238ff196a7ea9b36f.jpg"" /><p>Good morning, Quartz readers!<br /></p><p><a href=""https://qz.com/emails/daily-brief/1851199044/is-2024-the-year-of-tech-layoffs"">Read more...</a></p>",2024-01-26 13:06:00,https://qz.com/emails/daily-brief/1851199044/is-2024-the-year-of-tech-layoffs,Others
ea47fb2927f30e82edbd1e3f6edf05c456d44514e1504f2cdf7e0a61764a9417,Europe's economic security plan needs to play both defense and offense,"<img class=""type:primaryImage"" src=""https://i.kinja-img.com/image/upload/c_fit,q_80,w_636/79d59ede37de02ce93d5eb6105dbab7b.jpg"" /><p>The European Union this week <a class=""sc-1out364-0 dPMosf sc-145m8ut-0 lcFFec js_link"" href=""https://ec.europa.eu/commission/presscorner/detail/en/IP_24_363"" rel=""noopener noreferrer"" target=""_blank"">published a raft of proposals</a> aimed at bolstering the bloc‚Äôs economic security, including how to better scrutinize inbound investments, monitor risks associated with outbound investments,  and regulate exports of sensitive technologies. </p><p><a href=""https://qz.com/europe-china-economic-security-1851199793"">Read more...</a></p>",2024-01-26 10:01:00,https://qz.com/europe-china-economic-security-1851199793,Others
8e9fba7b1241b3c1b3d287c3e7415ced4091b981a16d90534929706b7ae3a112,Sephora tweens are giving LVMH's profits a nice glow,"<img class=""type:primaryImage"" src=""https://i.kinja-img.com/image/upload/c_fit,q_80,w_636/fad8a091789fc7d082dea33ff925e178.jpg"" /><p>Everyone‚Äôs been talking about the Sephora tweens: Young customers who flock to the beauty store in search of pricey skincare products to rejuvenate faces too young to register the wear and tear of life. Some people are <a class=""sc-1out364-0 dPMosf sc-145m8ut-0 lcFFec js_link"" href=""https://www.dailymail.co.uk/femail/article-12984249/sephora-teens-ruin-beauty-product-samples-store.html"" rel=""noopener noreferrer"" target=""_blank"">scared of them</a>. Some are <a class=""sc-1out364-0 dPMosf sc-145m8ut-0 lcFFec js_link"" href=""https://www.axios.com/2024/01/25/sephora-kids-tweens-anti-aging-skin-care-parents"" rel=""noopener noreferrer"" target=""_blank"">scared for them</a>. Some would like to remind horrified onlookers that <a class=""sc-1out364-0 dPMosf sc-145m8ut-0 lcFFec js_link"" href=""https://www.allure.com/story/sephora-tweens-are-nothing-new"" rel=""noopener noreferrer"" target=""_blank"">they‚Ä¶</a></p><p><a href=""https://qz.com/sephora-tweens-lvmh-profits-boost-1851198488"">Read more...</a></p>",2024-01-25 22:20:00,https://qz.com/sephora-tweens-lvmh-profits-boost-1851198488,Others
e70733c4b9d634c77795a2a3f42cf5e74a97a95445469558dcf0c9c67fff8e82,Tech layoffs are already on pace to surpass last year after another brutal week,"<img class=""type:primaryImage"" src=""https://i.kinja-img.com/image/upload/c_fit,q_80,w_636/d2908e8d2d1e0082b28aebecaed68a58.jpg"" /><p><br /></p><p><a href=""https://qz.com/tech-layoffs-might-surpass-2023-1851198088"">Read more...</a></p>",2024-01-25 21:46:48,https://qz.com/tech-layoffs-might-surpass-2023-1851198088,Others
a00ce874bc89c736581bf3b6423fa2496f4f676a27292aa2fe13c28eb16c5f5b,The Fed hasn't killed the economy yet,"<img class=""type:primaryImage"" src=""https://i.kinja-img.com/image/upload/c_fit,q_80,w_636/8aa21efe6ed575d1b3f855fa7ff9f615.jpg"" /><p>Lots of people would love it if the Federal Reserve cut interest rates soon. Investors want cheaper money. Homeowners want cheaper mortgages. Consumers want cheaper credit card bills. And for a while, there was <a class=""sc-1out364-0 dPMosf sc-145m8ut-0 lcFFec js_link"" href=""https://qz.com/speculation-about-eventual-rate-cuts-is-rising-but-fed-1851088754"" rel=""noopener noreferrer"" target=""_blank"">a lot of pressure</a> on the Fed to give them what they wanted out of fears that holding rates too high would <a class=""sc-1out364-0 dPMosf sc-145m8ut-0 lcFFec js_link"" href=""https://www.epi.org/blog/the-fed-should-stand-pat-on-further-interest-rate-hikes-at-this-weeks-meeting-inflation-is-easing-even-as-the-labor-market-remains-strong/"" rel=""noopener noreferrer"" target=""_blank"">dam‚Ä¶</a></p><p><a href=""https://qz.com/fed-interest-rate-cuts-not-coming-soon-1851197420"">Read more...</a></p>",2024-01-25 19:44:00,https://qz.com/fed-interest-rate-cuts-not-coming-soon-1851197420,Others
9609a358f9437551fc4cd52808afdac20f4504783e3e06ad7dfcd0270cc00539,Americans are shopping their way to a stronger economy,"<img class=""type:primaryImage"" src=""https://i.kinja-img.com/image/upload/c_fit,q_80,w_636/5b5434cb653ccfccdf3a715c1272a77e.jpg"" /><p>The economy is still humming! </p><p><a href=""https://qz.com/shopping-is-driving-us-economy-1851196614"">Read more...</a></p>",2024-01-25 17:48:00,https://qz.com/shopping-is-driving-us-economy-1851196614,Others
bd96242261bfdcb9347cba42ab72c3c68b4f17e3bfe3c997f2bb3d8af84783f1,How to find a new job and make more money | Your Wallet,"<img class=""type:primaryImage"" src=""https://i.kinja-img.com/image/upload/c_fit,q_80,w_636/ec54b05809dd9f012f063a2b146b8412.jpg"" /><p><a href=""https://qz.com/how-to-find-a-new-job-and-make-more-money-your-wallet-1851197222"">Read more...</a></p>",2024-01-25 17:39:27,https://qz.com/how-to-find-a-new-job-and-make-more-money-your-wallet-1851197222,Others
8d46898c51f482fcc63fe3cc281f314049c5aafb93a558a0024a4072b53872be,Tesla‚Äôs time in the sun is over as EV imports are soaring,"<img class=""type:primaryImage"" src=""https://i.kinja-img.com/image/upload/c_fit,q_80,w_636/2508d5a0a857815754da45e28b26bbbc.jpg"" /><p>In a shareholder <a class=""sc-1out364-0 dPMosf sc-145m8ut-0 lcFFec js_link"" href=""https://digitalassets.tesla.com/tesla-contents/image/upload/IR/TSLA-Q4-2023-Update.pdf"" rel=""noopener noreferrer"" target=""_blank"">letter Wednesday</a> (Jan. 25), Tesla said that vehicle volume growth may be ‚Äúnotably lower‚Äù than the rate from a year ago.<br /></p><p><a href=""https://qz.com/tesla-outlook-ev-import-soar-1851196877"">Read more...</a></p>",2024-01-25 17:27:00,https://qz.com/tesla-outlook-ev-import-soar-1851196877,Others
67a29557f1a458e52d01929229a5daca61e88b5db86ec200672dd26785e492ce,üöÄ Space Business: A lunar new year,"<img class=""type:primaryImage"" src=""https://i.kinja-img.com/image/upload/c_fit,q_80,w_636/97c84332e690c368f43fa8d5c6e9f937.jpg"" /><p>We‚Äôll be taking a break from Space Business for a bit! In the meantime, keep your eyes on the skies (and if you want more Quartz in your inbox, <a class=""sc-1out364-0 dPMosf sc-145m8ut-0 lcFFec js_link"" href=""https://qz.com/newsletter"" rel=""noopener noreferrer"" target=""_blank"">check out our other newsletters</a>)!</p><p><a href=""https://qz.com/emails/space-business/1851194792/space-business-a-lunar-new-year"">Read more...</a></p>",2024-01-25 15:59:00,https://qz.com/emails/space-business/1851194792/space-business-a-lunar-new-year,Others
3a975269c7d1cc80ae949eba79e33dac16daa18af3437ea75e0b889dd6478f9d,United and Alaska Airlines' Boeing 737 Max 9 planes will return to the air,"<img class=""type:primaryImage"" src=""https://i.kinja-img.com/image/upload/c_fit,q_80,w_636/9ceefd457e30e993cb47c862d3e1eb99.jpg"" /><p>The US Federal Aviation Administration said grounded Boeing 737 Max 9 airplanes will be cleared to return to the skies after it does an inspection and maintenance check.<br /></p><p><a href=""https://qz.com/737-max-9-united-alaska-return-to-air-1851196101"">Read more...</a></p>",2024-01-25 15:07:00,https://qz.com/737-max-9-united-alaska-return-to-air-1851196101,Others
33b8262d9aecd3c5146ee114af6da50994162e69a7ebb72318ffad90a09e618d,Subway made a big investment in new meat slicers and it's not looking good,"<img class=""type:primaryImage"" src=""https://i.kinja-img.com/image/upload/c_fit,q_80,w_636/544cc9ab7abe867dc91339e6fe1b502b.jpg"" /><p>When Subway announced last year that it would be removing pre-sliced meat from its assembly line and <a class=""sc-1out364-0 dPMosf sc-145m8ut-0 lcFFec js_link"" href=""https://thetakeout.com/subway-locations-deli-slicer-meat-better-sandwich-menu-1850071133"">adding automatic deli slicers</a> to its more than 20,000 locations, the intention was to improve the chain‚Äôs overall sandwich quality. Just six months after this systemwide change, however, Restaurant Business reports <a class=""sc-1out364-0 dPMosf sc-145m8ut-0 lcFFec js_link"" href=""https://www.restaurantbusinessonline.com/financing/some-subway-operators-slicers-arent-all-theyre-sliced-be"" rel=""noopener noreferrer"" target=""_blank"">Subw‚Ä¶</a></p><p><a href=""https://qz.com/subway-meat-slicers-1851195872"">Read more...</a></p>",2024-01-25 13:42:00,https://qz.com/subway-meat-slicers-1851195872,Others
bd6ac2f741c53a403d1b60070d347f4484da40a74dce59e21925e6a3fef9a64e,Huge market headwinds made house flipper profits less gigantic last year,"<img class=""type:primaryImage"" src=""https://i.kinja-img.com/image/upload/c_fit,q_80,w_636/163cf5ff0049365381b4b601d705ddd5.jpg"" /><p>A lot of people don‚Äôt want to sell their houses because their interest rates are too good and they‚Äôre scared they won‚Äôt be able to afford something better. A lot of people can‚Äôt buy a house because interest rates are too high and they can‚Äôt afford anything at all. So when transactions do happen‚Äîin 2023, existing US‚Ä¶</p><p><a href=""https://qz.com/selling-houses-less-profitable-2023-1851194261"">Read more...</a></p>",2024-01-25 05:00:00,https://qz.com/selling-houses-less-profitable-2023-1851194261,Others
39529442ba57324ca2fbdd3fd06cfb74587473668728a1fb787e27931d46ab22,2024's most powerful passports ranked,"<img class=""type:primaryImage"" src=""https://i.kinja-img.com/image/upload/c_fit,q_80,w_636/88de51e230776489259a014e629a925f.jpg"" /><p>Japan and Singapore enjoyed the shared distinction of <a class=""sc-1out364-0 dPMosf sc-145m8ut-0 lcFFec js_link"" href=""https://qz.com/most-powerful-passports-2023-ranking-1850024908"" rel=""noopener noreferrer"" target=""_blank"">having the most powerful passports in the world</a> since 2019. But they‚Äôre not alone anymore. </p><p><a href=""https://qz.com/most-powerful-passports-2024-world-rankings-1851177985"">Read more...</a></p>",2024-01-24 21:28:31,https://qz.com/most-powerful-passports-2024-world-rankings-1851177985,Others
8dcb905df6b627735e4bedaf2b627eab85922a305efc12284534db2f11278558,Tesla has been a tech stock stinker as Microsoft joins Apple in the $3 trillion club,"<img class=""type:primaryImage"" src=""https://i.kinja-img.com/image/upload/c_fit,q_80,w_636/aac2eab778880d7284d7f4648437ad03.jpg"" /><p>At the top of the year, the Wall Street Journal <a class=""sc-1out364-0 dPMosf sc-145m8ut-0 lcFFec js_link"" href=""https://www.wsj.com/finance/optimism-abounds-wall-street-this-new-year-a0ec5cc0"" rel=""noopener noreferrer"" target=""_blank"">let the world know</a> about the ‚ÄúMagnificent Seven,‚Äù a basket of tech stocks that traders were hyping up for the high profits amid a period of economic uncertainty. </p><p><a href=""https://qz.com/tesla-stock-down-magnificent-seven-microsoft-apple-1851194022"">Read more...</a></p>",2024-01-24 21:23:00,https://qz.com/tesla-stock-down-magnificent-seven-microsoft-apple-1851194022,Others
e9d3e3757e7eaaca32c69b9ed5d337dcf234c35ff4e3b3d437b1c3af53c3d26f,Shah Rukh Khan: The king of cinema is back,"<img class=""type:primaryImage"" src=""https://i.kinja-img.com/image/upload/c_fit,q_80,w_636/ab36dd4905fad76f26e1cc4cdbaa47b9.jpg"" /><p><strong>Back with a bang</strong><br /></p><p><a href=""https://qz.com/emails/quartz-obsession/1851193320/shah-rukh-khan-the-king-of-cinema-is-back"">Read more...</a></p>",2024-01-24 21:08:00,https://qz.com/emails/quartz-obsession/1851193320/shah-rukh-khan-the-king-of-cinema-is-back,Others
0e0e46a7be85eaedf7cb1b80ac6d7e0065f14cc8d5c8020f49cdda54fa55e48d,Netflix password-sharing crackdown and price hikes will drive revenue 'for years',"<img class=""type:primaryImage"" src=""https://i.kinja-img.com/image/upload/c_fit,q_80,w_636/a32d9d4a925ebadbd05c002fe9668555.jpg"" /><p>Netflix‚Äôs <a class=""sc-1out364-0 dPMosf sc-145m8ut-0 lcFFec js_link"" href=""https://qz.com/netflix-password-sharing-crackdown-us-household-1850468506"" rel=""noopener noreferrer"" target=""_blank"">password-sharing crackdown</a>‚Äîwhich the company more affectionately calls ‚Äúpaid sharing,‚Äù ‚Äúthe right nudge at the right time‚Äù‚Äînot only paid off immediately after the company implemented it last May, but even more so in the months that followed.<br /></p><p><a href=""https://qz.com/netflix-password-sharing-crackdown-and-price-hikes-are-1851193478"">Read more...</a></p>",2024-01-24 20:10:00,https://qz.com/netflix-password-sharing-crackdown-and-price-hikes-are-1851193478,Others
cb014124edd58d0b5e4269eb99f9b6269cc08650dcfac4f64fe063e08281dd15,"Newsom claims Biden has border plan, blames Republicans for standing in the way",Democrats and Republicans continue pointing fingers to blame who is responsible for the crisis at the U.S.-Mexico border involving illegal immigrants.,2024-01-28 18:19:55,https://www.foxnews.com/politics/newsom-claims-biden-border-plan-blames-republicans-standing-way,Others
2c1216af744dc056b281d2cf8202557717af5622d8d42483bbeb4d85a3b163ab,It turns out oil gets more expensive to ship when boats go boom in the Red Sea,"<img class=""type:primaryImage"" src=""https://i.kinja-img.com/image/upload/c_fit,q_80,w_636/dd7143e78390e16321add067c3440b5f.jpg"" /><p>The oil comes out the ground, the oil gets sold, the oil gets shipped somewhere, the oil gets turned into gasoline and plastic and all the stuff we use to go about our lives. All of these steps in the process affect the price of the oil itself, and three of them get the most attention, but only one of them is getting‚Ä¶</p><p><a href=""https://qz.com/fighting-red-sea-oil-prices-increasing-1851192473"">Read more...</a></p>",2024-01-24 19:31:07,https://qz.com/fighting-red-sea-oil-prices-increasing-1851192473,Others
2cf92d176d7c28ac18ad8c195b98046a3f5b33afd311877796ff93ef28202f34,Musicians are bargaining with Hollywood over AI,"<img class=""type:primaryImage"" src=""https://i.kinja-img.com/image/upload/c_fit,q_80,w_636/fbdd9fa1aacb02aff64c9b5bcd3d587c.jpg"" /><p>First, it was writers and actors. Then, it was <a class=""sc-1out364-0 dPMosf sc-145m8ut-0 lcFFec js_link"" href=""https://qz.com/the-marvel-universe-has-new-avengers-visual-effects-wo-1850718359"" rel=""noopener noreferrer"" target=""_blank"">visual effects workers</a>. Now, it‚Äôs musicians who are demanding Hollywood studios provide pay and consent for using artificial intelligence.</p><p><a href=""https://qz.com/afm-amptp-musicians-union-artificial-intelligence-1851192257"">Read more...</a></p>",2024-01-24 19:31:00,https://qz.com/afm-amptp-musicians-union-artificial-intelligence-1851192257,Others
5688e196fb46efa10ec47ab90aa776124ad5c02e5d0f9f8e1ae5d0fe56becf81,Writing your resume for a robot,"<img class=""type:primaryImage"" src=""https://i.kinja-img.com/image/upload/c_fit,q_80,w_636/e8293aeefafb69150ef3284b5e3197ba.jpg"" /><p>Hello, Quartz at Work readers!</p><p><a href=""https://qz.com/emails/quartz-at-work/1851192214/writing-your-resume-for-a-robot"">Read more...</a></p>",2024-01-24 15:01:00,https://qz.com/emails/quartz-at-work/1851192214/writing-your-resume-for-a-robot,Others
84a868f04bb151e1090a43d692ee5b7199d1a59f4c080775613223b9f96da97c,"The best jobs of 2024, according to Indeed","<img class=""type:primaryImage"" src=""https://i.kinja-img.com/image/upload/c_fit,q_80,w_636/ae46eb49811ec34b3fc57d408f0dd2ac.jpg"" /><p>The top jobs in the US in 2024 are in mental healthcare, according to Indeed ‚Äî and mental health technicians, mental health therapists, and psychiatrists are the best ones to apply for this year.</p><p><a href=""https://qz.com/best-jobs-2024-indeed-mental-healthcare-1851190781"">Read more...</a></p>",2024-01-24 15:00:00,https://qz.com/best-jobs-2024-indeed-mental-healthcare-1851190781,Others
b20e685eddb89f98ac576a2f1b235ba7101c41eb5c9de087e76e48909ba01e7a,Why the US economy might be headed for a bumpy landing | Smart Investing,"<img class=""type:primaryImage"" src=""https://i.kinja-img.com/image/upload/c_fit,q_80,w_636/86871ee7a25653bcf3a70082b5ebd1ab.jpg"" /><p><a href=""https://qz.com/why-the-us-economy-might-be-headed-for-a-bumpy-landing-1851189884"">Read more...</a></p>",2024-01-24 12:00:00,https://qz.com/why-the-us-economy-might-be-headed-for-a-bumpy-landing-1851189884,Others
70716a91df3382b84573df285d6a06a11d17e303176593b53a860d77e908c374,AI is coming for your job application long before it comes for your job,"<img class=""type:primaryImage"" src=""https://i.kinja-img.com/image/upload/c_fit,q_80,w_636/9ec9150402a1ef48deaa0384334f39de.jpg"" /><p>In late 2017, Hilke Schellmann was closing out a conference in Washington, DC, when she hailed a ride to the train station. The filmmaker and New York University journalism professor hopped in her Lyft,  asked  the driver how he was doing, and was met with a pause. It had been a strange day, he answered. He‚Äôd applied‚Ä¶</p><p><a href=""https://qz.com/hr-software-ai-algorithms-bias-1851190372"">Read more...</a></p>",2024-01-24 10:00:00,https://qz.com/hr-software-ai-algorithms-bias-1851190372,Others
7cc9dfe8b993d678530a9321496d120b464029c7e7ab767c2e46daa2b5d8a101,United Airlines says growth will slow for years because of Boeing's 737 troubles,"<img class=""type:primaryImage"" src=""https://i.kinja-img.com/image/upload/c_fit,q_80,w_636/b058e7f7173bd8be72f23c8a20d8bdaf.jpg"" /><p>United Airlines expects its capacity growth to slow in the coming years, thanks to the  drama at its biggest aircraft supplier, Boeing.<br /></p><p><a href=""https://qz.com/united-airlines-says-its-growth-will-slow-for-years-bec-1851189943"">Read more...</a></p>",2024-01-23 23:26:50,https://qz.com/united-airlines-says-its-growth-will-slow-for-years-bec-1851189943,Others
8a9a4fa87d5ea694d512617c0fa77cb577efd666662b60104854420d0f6fc325,Lots of people started selling bitcoin after the SEC made it easier to buy,"<img class=""type:primaryImage"" src=""https://i.kinja-img.com/image/upload/c_fit,q_80,w_636/fb09f7ab32c9ab32711162accdc6c3f8.jpg"" /><p>There was a whole lot of excitement around the prospect of exchange-traded bitcoin funds a couple weeks ago, when the US Securities and Exchange Commission announced that it had <a class=""sc-1out364-0 dPMosf sc-145m8ut-0 lcFFec js_link"" href=""https://qz.com/first-bitcoin-exchange-traded-funds-are-cleared-by-us-r-1851157071"" rel=""noopener noreferrer"" target=""_blank"">approved use of the investing tool</a>. Someone even <a class=""sc-1out364-0 dPMosf sc-145m8ut-0 lcFFec js_link"" href=""https://www.reuters.com/technology/sec-account-hack-renews-spotlight-xs-security-concerns-2024-01-10/"" rel=""noopener noreferrer"" target=""_blank"">hacked the SEC‚Äôs account on the X social media platform</a> to break the news early! But that‚Ä¶</p><p><a href=""https://qz.com/lots-of-people-started-selling-bitcoin-after-the-sec-ma-1851190395"">Read more...</a></p>",2024-01-23 23:25:48,https://qz.com/lots-of-people-started-selling-bitcoin-after-the-sec-ma-1851190395,Others
32e3d47fa22ff3b177dde80293762adc037ed87707b5cc52bf7768d2a4bc4abf,"Brex, once a Silicon Valley darling, is laying off 20% of its workforce","<img class=""type:primaryImage"" src=""https://i.kinja-img.com/image/upload/c_fit,q_80,w_636/6529f0dc9506f74ecf6a34d91db969fb.jpg"" /><p><a class=""sc-1out364-0 dPMosf sc-145m8ut-0 lcFFec js_link"" href=""https://qz.com/1721642/brex-cash-claims-sipc-protection-checking-poses-a-challenge"" rel=""noopener noreferrer"" target=""_blank"">Brex</a>, a US <a class=""sc-1out364-0 dPMosf sc-145m8ut-0 lcFFec js_link"" href=""https://qz.com/emails/future-of-finance/1744003/quartz-future-of-finance-what-fintech-means-to-visa-and-mastercard"" rel=""noopener noreferrer"" target=""_blank"">fintech</a> startup, has cut more than 200 employees from its 1,000-person workforce. This move shows that even a decacorn‚Äîa privately held company with a valuation topping $10 billion‚Äîisn‚Äôt immune to job losses. The startup said it‚Äôs doing some restructuring, according to an email sent today (Jan. 23) to an‚Ä¶</p><p><a href=""https://qz.com/brex-once-a-silicon-valley-darling-is-laying-off-20-1851189051"">Read more...</a></p>",2024-01-23 18:42:00,https://qz.com/brex-once-a-silicon-valley-darling-is-laying-off-20-1851189051,Others
79bd053f98326cb099fea2f50f294919629a792f3b332e3abbb7a8871db696ec,AOC says Biden 'can do more' to earn votes than just attack Trump,Rep. Alexandria Ocasio-Cortez called on President Biden to &quot;do more&quot; to earn votes for re-election by offering free education and health care.,2024-01-28 16:56:53,https://www.foxnews.com/politics/aoc-says-biden-can-do-more-earn-votes-just-attack-trump,Others
3610eb9731d9e2ecab6f28818603c481084ece8683f774c5eabf61038f0572f6,Netflix is paying $5 billion to be the home of WWE's Monday Night Raw,"<img class=""type:primaryImage"" src=""https://i.kinja-img.com/image/upload/c_fit,q_80,w_636/4655637a938ad6a6701a90d1718709f4.jpg"" /><p>Once upon a time, the main proposition of streaming services like Netflix was that you could watch what you wanted, when you wanted. But as the services have increasingly started bailing on creating original content that users could pick up from libraries, they‚Äôve been investing more in live events such as sports.‚Ä¶</p><p><a href=""https://qz.com/netflix-is-paying-5-billion-to-be-the-home-of-wwes-mon-1851188480"">Read more...</a></p>",2024-01-23 18:39:00,https://qz.com/netflix-is-paying-5-billion-to-be-the-home-of-wwes-mon-1851188480,Others
70ff6d11ca8b5a1b71d75a12cf39270c0c656f74f3f9bc0446615b64d9d1fba4,TikTok workers feel tech's troubles as the company cuts 60 jobs,"<img class=""type:primaryImage"" src=""https://i.kinja-img.com/image/upload/c_fit,q_80,w_636/05c5e1c2009949c0bb6eb7dd2b7f9749.jpg"" /><p>Tech employees have taken to TikTok to tell the world about their layoffs. Now, TikTok workers themselves are the ones with the problem.<br /></p><p><a href=""https://qz.com/tiktok-workers-feel-techs-troubles-as-the-company-cuts-1851188391"">Read more...</a></p>",2024-01-23 15:01:00,https://qz.com/tiktok-workers-feel-techs-troubles-as-the-company-cuts-1851188391,Others
bba32a79e91bbef05286873c92cebc68dc20deebcabe56a603d5d1a9dfc27253,China is importing fewer chips and more chipmaking machines,"<img class=""type:primaryImage"" src=""https://i.kinja-img.com/image/upload/c_fit,q_80,w_636/2b52512e1fef42681ebb97f7d5231165.jpg"" /><p>In a clear sign of Beijing‚Äôs efforts to speed up the development of its homegrown semiconductor industry amid Washington‚Äôs intensifying technology restrictions, China‚Äôs imports of chipmaking machines <a class=""sc-1out364-0 dPMosf sc-145m8ut-0 lcFFec js_link"" href=""https://www.bloomberg.com/news/articles/2024-01-22/china-buys-near-record-40-billion-of-chip-gear-to-beat-us-curbs"" rel=""noopener noreferrer"" target=""_blank"">hit a near-record</a> last year‚Äîwhile its chip imports saw their <a class=""sc-1out364-0 dPMosf sc-145m8ut-0 lcFFec js_link"" href=""https://www.bloomberg.com/news/articles/2024-01-15/us-china-chip-war-china-sees-biggest-drop-in-imports-on-record-in-2023"" rel=""noopener noreferrer"" target=""_blank"">steepest decline on record</a>. </p><p><a href=""https://qz.com/china-import-fewer-semiconductors-more-chipmaking-machi-1851188247"">Read more...</a></p>",2024-01-23 14:29:00,https://qz.com/china-import-fewer-semiconductors-more-chipmaking-machi-1851188247,Others
f74075c49b0ad6778433d0e39546172fe838344ec5f1bdebca51c465d2764204,One way China is growing more dependent on Taiwan,"<img class=""type:primaryImage"" src=""https://i.kinja-img.com/image/upload/c_fit,q_80,w_636/df5113f60a04b02d6009312b242d5ec0.jpg"" /><p>Intermediate goods are inputs used to produce a final product. Think textiles to make a coat, metals to make a car, and computer chips to make an iPhone. </p><p><a href=""https://qz.com/china-taiwan-intermediate-goods-1851187726"">Read more...</a></p>",2024-01-23 12:00:00,https://qz.com/china-taiwan-intermediate-goods-1851187726,Others
25c1fb544b3aaaed34ab7df2e572246e9de98f375d555b037b00bf7aed951cce,1.8 billion reasons why Wall Street loves the fashion world's favorite hiking sneakers,"<img class=""type:primaryImage"" src=""https://i.kinja-img.com/image/upload/c_fit,q_80,w_636/600b3f8558298e0749800591909eda28.jpg"" /><p>Back in 2016, hiking shoe specialist Salomon was set to destroy the molds for its XT-6 sneaker. The model had debuted four years earlier and was getting cycled out. But Jean-Philippe Lalonde, a special projects manager tasked with breaking the company into the fashion world, told the production department to pump the‚Ä¶</p><p><a href=""https://qz.com/1-8-billion-reasons-why-wall-street-loves-the-fashion-w-1851186408"">Read more...</a></p>",2024-01-22 22:21:00,https://qz.com/1-8-billion-reasons-why-wall-street-loves-the-fashion-w-1851186408,Others
cf5be41eb9c9f5a49ee9a1f99ce97d513409b678873398d1eec2400e705d2b42,"Millions live near US railways shipping the toxic chemical that contaminated East Palestine, Ohio","<img class=""type:primaryImage"" src=""https://i.kinja-img.com/image/upload/c_fit,q_80,w_636/c1603ce6c5d0819314bd810ac7ffe889.jpg"" /><p>The toxic, flammable gas that notoriously spilled into the town of East Palestine, Ohio, last year still rides on rail lines through eight major US cities. In fact, as much as <a class=""sc-1out364-0 dPMosf sc-145m8ut-0 lcFFec js_link"" href=""https://toxicfreefuture.org/press-room/new-research-reveals-up-to-36-million-pounds-of-toxic-chemical-vinyl-chloride-are-transported-across-north-american-railways-at-any-moment-putting-millions-at-risk/"" rel=""noopener noreferrer"" target=""_blank"">36 million pounds</a> of the chemical, vinyl chloride,<strong></strong>are carried on trains through the country at any given time, according to a new study by‚Ä¶</p><p><a href=""https://qz.com/millions-live-near-us-railways-shipping-the-toxic-chemi-1851186374"">Read more...</a></p>",2024-01-22 22:04:00,https://qz.com/millions-live-near-us-railways-shipping-the-toxic-chemi-1851186374,Others
1c35711e900406c69d451b461f5a6528ed81bee72f5b9cb6f65ca620992b5227,"It's expensive to replace humans with AI, MIT says","<img class=""type:primaryImage"" src=""https://i.kinja-img.com/image/upload/c_fit,q_80,w_636/c2039d50f7f7c17c675f0e466ead800c.jpg"" /><p>Fears of robots taking over people‚Äôs jobs have been a recurring theme <a class=""sc-1out364-0 dPMosf sc-145m8ut-0 lcFFec js_link"" href=""https://qz.com/1681832/the-history-of-the-future-of-work#:~:text=Today%20many%20worry%20that%20strides,supposedly%20denied%20a%20patent%20to"" rel=""noopener noreferrer"" target=""_blank"">for centuries</a>, and with recent advancements in AI, the <a class=""sc-1out364-0 dPMosf sc-145m8ut-0 lcFFec js_link"" href=""https://www.bbc.com/worklife/article/20230418-ai-anxiety-artificial-intelligence-replace-jobs"" rel=""noopener noreferrer"" target=""_blank"">anxiety has resurfaced</a>. But fear not, humans! A <a class=""sc-1out364-0 dPMosf sc-145m8ut-0 lcFFec js_link"" href=""https://www.bloomberg.com/news/articles/2024-01-22/humans-still-cheaper-than-ai-in-vast-majority-of-jobs-mit-finds?sref=P6Q0mxvj"" rel=""noopener noreferrer"" target=""_blank"">new study </a>from the Massachusetts Institute of Technology (MIT) offers a reassuring perspective: most jobs are currently too expensive to automate‚Ä¶</p><p><a href=""https://qz.com/mit-research-jobs-ai-computer-vision-high-cost-1851184898"">Read more...</a></p>",2024-01-22 21:46:00,https://qz.com/mit-research-jobs-ai-computer-vision-high-cost-1851184898,Others
b3801d08eed20c201873c8fdf0f057acf1bf384d0815ffa3e5e7165bcc22e145,"3 American troops killed, 25 injured in attack on Jordan base near Syria border",President Biden blamed &quot;radical Iran-backed militant groups&quot; after three U.S. service members were killed and 25 others were hurt in Jordan near the Syrian border.,2024-01-28 16:39:39,https://www.foxnews.com/politics/3-american-troops-killed-25-injured-attack-jordan-base-near-syria-border,Others
cb3e31f050c6ec43707ced6143152e8a5a5d7ba3ee20953d4244af31df816812,"E. Jean Carroll's claims against Trump, lifestyle back under the spotlight after eye-popping verdict",Former President Donald Trump faced his second trial involving former Elle columnist E. Jean Carroll and her accusations he defamed her when she accused him of rape.,2024-01-28 16:04:41,https://www.foxnews.com/politics/e-jean-carrolls-claims-against-trump-lifestyle-back-under-spotlight-eye-popping-verdict,Others
a678f881976ec01beecb1f7fe07a77f11ca1440ad6b1cfaebf6fc99434880ad2,ExxonMobil is suing its own shareholders over a proposal aimed at reducing emissions,"<img class=""type:primaryImage"" src=""https://i.kinja-img.com/image/upload/c_fit,q_80,w_636/fd8ce750e7303f00b1535a0c2ff4461f.jpg"" /><p>The Earth is <a class=""sc-1out364-0 dPMosf sc-145m8ut-0 lcFFec js_link"" href=""https://qz.com/hottest-days-month-ever-recorded-july-2023-1850685494"" rel=""noopener noreferrer"" target=""_blank"">heating up</a>. No doubt. And <a class=""sc-1out364-0 dPMosf sc-145m8ut-0 lcFFec js_link"" href=""https://qz.com/ipcc-report-climate-change-solutions-1850243551"" rel=""noopener noreferrer"" target=""_blank"">one of the chief reasons</a> the Earth is heating up is the consumption of oil and natural gas to power and produce things. Naturally. It makes sense, then, that a pair of activist investor groups would suggest that ExxonMobil Corp., the world‚Äôs largest privately owned oil company,‚Ä¶</p><p><a href=""https://qz.com/exxonmobil-is-suing-its-own-shareholders-over-a-proposa-1851186217"">Read more...</a></p>",2024-01-22 20:33:00,https://qz.com/exxonmobil-is-suing-its-own-shareholders-over-a-proposa-1851186217,Others
49fa371b1c1921ca66a843d446020d9336603b62d4f883db706e812b43959489,"Apple's Vision Pro headsets are ""still very niche"" despite a sellout in pre-ordering, expert says","<img class=""type:primaryImage"" src=""https://i.kinja-img.com/image/upload/c_fit,q_80,w_636/51ec0e435b73328a44dfe6d2ffe0c32d.jpg"" /><p>Apple sold <a class=""sc-1out364-0 dPMosf sc-145m8ut-0 lcFFec js_link"" href=""https://medium.com/@mingchikuo/vision-pro%E9%A6%96%E9%80%B1%E6%9C%AB%E9%A0%90%E8%B3%BC%E6%AA%A2%E8%A6%96-%E7%AC%A6%E5%90%88%E9%A0%90%E6%9C%9F%E4%BD%86%E9%9A%B1%E6%86%82%E6%B5%AE%E7%8F%BE-vision-pros-first-weekend-pre-order-review-expectations-in-line-0450c1effe66"" rel=""noopener noreferrer"" target=""_blank"">between 160,000 and 180,000 Visio Pro headsets</a> over the weekend during pre-orders, according to analyst Ming-Chi Kuo of TF International Securities, who‚Äôs written extensively about the product on Medium. But the mixed-reality device won‚Äôt be super popular with the general public anytime soon, he indicated.<br /></p><p><a href=""https://qz.com/apples-vision-pro-headsets-are-still-very-niche-despi-1851185621"">Read more...</a></p>",2024-01-22 18:43:00,https://qz.com/apples-vision-pro-headsets-are-still-very-niche-despi-1851185621,Others
bf8913a507d9a7bc96ad21d33565227db95e1e1c35c5619e0e23c1b951a0441c,Baby boomers are hoarding houses and leaving a laundry list of big fixes for younger buyers,"<img class=""type:primaryImage"" src=""https://i.kinja-img.com/image/upload/c_fit,q_80,w_636/e252c1d7433405034c8188c5ef003707.jpg"" /><p>The housing market is <a class=""sc-1out364-0 dPMosf sc-145m8ut-0 lcFFec js_link"" href=""https://qz.com/429559/millennials-cant-afford-to-buy-houses-even-though-we-really-need-them-to"" rel=""noopener noreferrer"" target=""_blank"">tough today for young Americans</a>. Prices are high. Interest rates are high. The savings needed for a deposit are getting eaten up by inflation, job loss, and childcare. Unfortunately, tomorrow‚Äôs housing market isn‚Äôt shaping up to be too great, either.<br /></p><p><a href=""https://qz.com/us-baby-boomers-are-hoarding-houses-and-leaving-a-laund-1851185323"">Read more...</a></p>",2024-01-22 18:32:59,https://qz.com/us-baby-boomers-are-hoarding-houses-and-leaving-a-laund-1851185323,Others
cbfc51f763987a8f958bb3115a27d12057556c73f7e8edb66cdd129aa65c5d26,The airlines with the greatest share of Boeing's second troubled model,"<img class=""type:primaryImage"" src=""https://i.kinja-img.com/image/upload/c_fit,q_80,w_636/51f5a5a8d7877de0fe89f7b7e1f0d0d0.jpg"" /><p>A second Boeing airplane model is <a class=""sc-1out364-0 dPMosf sc-145m8ut-0 lcFFec js_link"" href=""https://qz.com/federal-officials-recommend-that-airlines-inspect-door-1851185042"" rel=""noopener noreferrer"" target=""_blank"">officially under scrutiny</a>: the 737-900ER.<br /></p><p><a href=""https://qz.com/alaska-airlines-has-the-greatest-share-of-boeings-secon-1851185357"">Read more...</a></p>",2024-01-22 18:32:09,https://qz.com/alaska-airlines-has-the-greatest-share-of-boeings-secon-1851185357,Others
0f35c31ac20fd34148c1f2881b8ff6baa2b0f02935aff3e5e6cf679e209de202,üåé Electric trucks don‚Äôt have that spark,"<img class=""type:primaryImage"" src=""https://i.kinja-img.com/image/upload/c_fit,q_80,w_636/fc9e1a067947ae34df65aac949c4cd9f.jpg"" /><p>Good morning, Quartz readers!<br /></p><p><a href=""https://qz.com/emails/daily-brief/1851183984/electric-trucks-don-t-have-that-spark"">Read more...</a></p>",2024-01-22 10:55:00,https://qz.com/emails/daily-brief/1851183984/electric-trucks-don-t-have-that-spark,Others
48a053548ff287f6539521e59fe3e6fc81698940a7af5690f9d00c821ed27df6,"Republican ex-judge argued Trump engaged in insurrection, should be removed from Illinois primary ballot",A Republican retired judge is arguing that former President Trump should be removed from Illinois‚Äô primary ballot for engaging in an insurrection in the Jan. 6 US Capitol attacks.,2024-01-29 00:53:25,https://www.foxnews.com/politics/republican-ex-judge-argued-trump-engaged-insurrection-should-removed-illinois-primary-ballot,Others
0d55cee26f687c6a7ab2074198f38ca7a663d01adb558ef110a283eb56ee5ab6,'Brazen attack': Trump blasts Biden after 3 US service members killed by Iran-backed militia,Donald Trump lashed out at President Biden and his administration in response to three American troops being killed in a drone strike in Jordan on Sunday.,2024-01-28 22:44:40,https://www.foxnews.com/politics/brazen-attack-trump-biden-3-us-services-members-killed-iran-backed-militia,Others
6414b898263d5f8e67fac6b397fea7eca638ef501cc606f0bb448af1ab04aa95,Iran-backed militia kills 3 US troops just weeks after Biden said Tehran knows 'not to do anything',President Biden expressed confidence weeks before Iran-backed militia groups killed U.S. troops in Jordan that Iran knew &quot;not to do anything.&quot;,2024-01-28 21:47:14,https://www.foxnews.com/politics/iran-backed-militia-kills-3-us-troops-just-weeks-biden-said-tehran-knows-not-do-anything,Others
95ff9c909d6ee7c6b9bf847c992058f51d1ef68db9a8cd095b40191bb422d7eb,"Haley blasts RNC for rushing to Trump as nominee, calls on Americans to 'remember what normal felt like'",Nikki Haley ripped the Republican National Committee for siding with former President Donald Trump to be the party&apos;s presidential nominee.,2024-01-28 20:08:40,https://www.foxnews.com/politics/haley-blasts-rnc-rushing-trump-nominee-calls-americans-remember-what-normal-felt-like,Others
fcca64e90fdbae3cc40a99825c7cc55febbdbbe92e98fe22f19f38b5dbad1afe,Illinois suburb scraps migrant housing 'sign-up' sheet after councilman‚Äôs viral proposal to residents,"Naperville, an affluent suburb outside Chicago, will not move forward with a sign-up sheet for those residents who wish to house migrants.",2024-01-28 19:57:13,https://www.foxnews.com/politics/illinois-suburb-scraps-migrant-housing-sign-up-sheet-councilmans-viral-proposal-residents,Others
93c24e32b767ece02182448fc9d7141953c57ff56cb97a855a17ee42ac613e3e,Lankford cites 'election year' for waning GOP support on border bill: 'Not about letting 5000 people in a day',"Sen. James Lankford, R-Okla., on Sunday explained why he is moving forward on border bill negotiations despite Republican concern of handing President Biden an election year win.",2024-01-28 19:42:19,https://www.foxnews.com/politics/lankford-cites-election-year-waning-gop-support-border-bill-not-about-letting-5000-people-a-day,Others
5c7577fef6fe09aeb173b2d623231d115a09323dba8ad9c71b7daff87d806337,House Republicans unveil articles of impeachment against DHS Sec. Mayorkas,"House Republicans released two articles of impeachment against DHS Sec. Alejandro Mayorkas, but the Biden administration argues they are &quot;baseless.&quot;",2024-01-28 14:07:25,https://www.foxnews.com/politics/house-republicans-unveil-articles-impeachment-dhs-sec-mayorkas,Others
d85ade8c203807417af08b1d4400d474c07747924a048b24e075f1429dd9bb0d,Snopes admits Biden wore construction hard hat backwards in 'fact check' reversal,"Snopes reversed a fact check claiming that President Biden had not mistakenly worn a construction hard hat backwards this weekend, despite photo evidence.",2024-01-28 13:47:54,https://www.foxnews.com/politics/snopes-admits-biden-wore-construction-hard-hat-backwards-fact-check-reversal,Others
d0f4f59e1731ad683ffdb08e6530751669605eae6022c146e056bdf7184d99d5,"Trump ally Moreno picks up Noem endorsement, rises to top Ohio Republican vying to boot Democrat Sherrod Brown",rump-backed Republican Bernie Moreno has risen to the top of the Ohio GOP field vying to run against incumbent Democratic Sen. Sherrod Brown.,2024-01-28 12:20:24,https://www.foxnews.com/politics/trump-ally-moreno-picks-noem-endorsement-rises-top-ohio-republican-vying-boot-democrat-sherrod-brown,Others
7d3018ae1831e307a3a4da71ae881c2407c57ccad91dd3519473589ad87ea795,$83M verdict in E. Jean Carroll case against Trump ignites firestorm: 'Democrats are using the system',A federal jury&apos;s decision ordering Donald Trump to pay E. Jean Carroll more than $83 million in damages Friday ignited a political firestorm.,2024-01-28 09:00:59,https://www.foxnews.com/politics/verdict-e-jean-carroll-defamation-case-trump-ignites-firestorm-democrats-using-system,Others
cc754c0a94b86326bf3aab33b6e086cf40556524922b307e1d861cc7a1b90948,George Soros pours millions into Texas in hopes of shifting power to Dems,Financier George Soros has recently dropped millions into a handful of left-wing groups in Texas to help Democrats gain ground in the state.,2024-01-28 09:00:59,https://www.foxnews.com/politics/george-soros-pours-millions-texas-shifting-power-dems,Others
5ed911d3440a0b3029e861fe64a615487297f2b75713b9b3d600f68b32883182,AOC raising money by using pro-Israel group's attack on her 'Squad' ally,Rep. Alexandria Ocasio-Cortez sent out a fundraising email to supporters asking for money after AIPAC announced it would back a primary challenger to Rep. Jamaal Bowman.,2024-01-28 09:00:54,https://www.foxnews.com/politics/aoc-fundraises-off-pro-israel-group-aipacs-attack-her-squad-ally,Others
ee40979ee42069db4bfbd349406c8ff4b2bdaa35a4b4c110a2e5817472590060,"Trump energy secretary, Republicans blast Biden for bowing to 'elite environmental lobby'","Republicans, including former Energy Secretary Rick Perry, blasted President Biden for halting natural gas export permits, a move they argued will boost American enemies.",2024-01-28 09:00:40,https://www.foxnews.com/politics/trump-energy-secretary-republicans-blast-biden-for-bowing-to-elite-environmental-lobby,Others
ae3f0098c0a032c44367592540859ea5ecd38b9d13901aaaa7c0998c94a99477,Lone House Republican supporting Nikki Haley after NH and Iowa losses makes her case for 2024,"Conservative Rep. Ralph Norman is the only member of Congress backing Nikki Haley for president, and he told Fox News Digital why he thinks she&apos;s the best person for the job.",2024-01-28 09:00:39,https://www.foxnews.com/politics/lone-house-republican-supporting-nikki-haley-after-nh-and-iowa-losses-makes-her-case-for-2024,Others
02416f63508d85ec4f5baaed32a9a49473cc2f5675f5334736cac871a7830a5c,Nikki Haley raises $4 million over 'unhinged' Trump comments leveled at her: 'We had a little fun',Republican presidential candidate Nikki Haley said on Saturday in South Carolina that her campaign has been capitalizing on &quot;unhinged&quot; comments that former President Trump has made about her.,2024-01-28 00:35:39,https://www.foxnews.com/politics/nikki-haley-raises-four-million-dollars-unhinged-trump-comments-leveled-little-fun,Others
1fe04e0c1a812c85a691465a47bc8adf31958e354c691da9eacc9525cc98d38d,Trump blasts Biden-backed border bill at Las Vegas rally: 'Rather have no bill than a bad bill',"Former President Trump blasted the new Biden-backed border security bill, arguing during a Las Vegas rally Saturday that the current president already has the power to make significant changes at the southern border.",2024-01-27 23:41:23,https://www.foxnews.com/politics/trump-blasts-biden-backed-border-bill-didnt-need-bill,Others
fe47cd7285505fe65f0d2b84bccb16fcfd0eba79afe79941a4d385bc0968f0ea,Biden only cares about border because it has now become a 'political liability': Rep Tom Emmer,House Majority Whip Tom Emmer told Fox News Saturday that President Biden has &quot;undone all of the great work&quot; former President Trump accomplished during his presidency.,2024-01-27 23:28:07,https://www.foxnews.com/politics/biden-only-cares-border-because-become-political-liability-rep-tom-emmer,Others
a637412e32726b19ff44c550ea04f9fd97cd688b97de9b3e4cdbf993a297e0fa,"Florida Gov Ron DeSantis calls Biden border deal 'a farce,' says it will worsen migrant crisis","Florida Gov. Ron DeSantis called out President Biden for supporting a new border bill on Saturday, accusing the president of not &quot;wanting&quot; to solve the crisis.",2024-01-27 22:28:15,https://www.foxnews.com/politics/florida-governor-ron-desantis-calls-biden-border-deal-farce-says-worsen-migrant-crisis,Others
d3785a322fa2bf4c6f94f22abf2cb61b13b3ae45986f3d1de256ce0fff75c88c,Texas again rebuffs Biden admin's demand for 'full access' to disputed border area,"Texas is rebuffing demands by the Biden administration for it to have greater access to the disputed Shelby Park area of Eagle Pass, Texas, as they feud over the border.",2024-01-27 21:51:15,https://www.foxnews.com/politics/texas-again-rebuffs-dhs-demand-full-access-disputed-border-area,Others
122e6c8c84db32081b4ff0c7437b185fd5d7bfb46844a5b39ab1a3330514ca10,Trump team made ‚Äòearly on‚Äô attempts to recruit RFK Jr. as former president's running mate: report,People close to Trump reportedly made &quot;preliminary overtures&quot; to Robert F. Kennedy about the possibility of him serving as Trump&apos;s running mate in the 2024 presidential election.,2024-01-27 18:48:35,https://www.foxnews.com/politics/trump-team-made-early-attempts-recruit-rfk-jr-former-presidents-running-mate-report,Others
0bf71453b4706f5c7477a82e313f804cee8610e05e8b6786dca7efd76615ac0c,Xi Jinping celebrates China‚Äôs rising power ‚Äî and his own,President Xi Jinping opened China‚Äôs twice-per decade Communist Party Congress on Wednesday hailing the reforms he put in place during his first five-year term and sharing his vision for where he hopes to take the nation. William Brangham reports on the congress as it prepares to announce Xi‚Äôs successor and how new leadership may transform China‚Äôs role as a global economic partner.,2017-10-18 22:35:21,http://www.pbs.org/newshour/bb/xi-jinping-celebrates-chinas-rising-power/,Others
7e637350fe6a76860d9ad406926a24b4b1cf870a998d0684ee896d568685573e,"The battle for Mosul is over, but this hidden ISIS danger could lurk for years","Iraq may have ousted Islamic States militants from the city of Mosul over the summer, but the major task of finding and destroying the mines, booby traps and bombs remains. A security firm hired by the U.S. and Iraqi workers are making progress to clear major areas, but it could take years or even decades. Special correspondent Marcia Biggs reports on the safety of Mosul after ISIS.",2017-10-18 22:20:26,http://www.pbs.org/newshour/bb/battle-mosul-hidden-isis-danger-lurk-years/,Others
3890bfb4a3ac0576b83d531f6455547c740013cf0d441b2d606633aa603894be,"As Rohingya refugees continue to flee from persecution, here‚Äôs how you can help","More than 500,000 Rohingya Muslims have fled their homes since August to escape systematic violence at the hands of government soldiers in Myanmar. Here's how you can help.",2017-10-18 20:58:34,http://www.pbs.org/newshour/rundown/rohingya-refugees-continue-flee-persecution-heres-can-help/,Others
9232db5143357880321183f184a173901d07810fcf7eb53fb1ae8c45a1613661,Tillerson: ‚ÄòHeartbreaking‚Äô reports of suffering in Myanmar,"WASHINGTON ‚Äî Secretary of State Rex Tillerson is condemning reported atrocities committed against Rohingya Muslims in Myanmar, and he says those responsible ‚Äî perhaps the country's military ‚Äî will be held accountable.",2017-10-18 15:36:51,http://www.pbs.org/newshour/rundown/tillerson-heartbreaking-reports-suffering-myanmar/,Others
e30b81400595a38999c106a12d733d0bc0d5ee6b5cd26bdddc04f5c15fc25fad,Far-right groups gain ground in Sweden and Germany amid migrant influx,"Sunday‚Äôs election in Austria brought victory to 31-year-old Sebastian Kurz, who was elected chancellor on an anti-immigrant platform. Earlier, a strengthened far-right party dealt a blow to returning leader Angela Merkel in Germany‚Äôs election. As Sweden‚Äôs election approaches next year, special correspondent Michael Brabant surveys the changing political landscape in Europe.",2017-10-17 22:30:37,http://www.pbs.org/newshour/bb/far-right-groups-gain-ground-sweden-germany-amid-migrant-influx/,Others
22926eed62299d93fc01f531590259e7e31548b5b23e22d5942aefca2537ba43,U.S.-backed Syrian forces recapture Raqqa from Islamic State group,U.S.-backed Syrian Democratic Forces announced Tuesday that they had captured the city of Raqqa from Islamic State militants.,2017-10-17 16:57:20,http://www.pbs.org/newshour/rundown/u-s-backed-syrian-forces-recapture-raqqa-from-islamic-state-group/,Others
ac5b0955a1d5b1d18ae667a0ce2a9a893c7d23890e5793fc14c76c46dcaf33d0,WATCH: Trump and Greek prime minister hold joint news conference,President Donald Trump says the U.S. stands with Greece as they recover from their economic crisis.,2017-10-17 16:28:24,http://www.pbs.org/newshour/rundown/watch-live-trump-and-greek-prime-minister-hold-joint-press-conference/,Others
02cdd498fbe9ebae0f802bce95752e90beb15b3bdc5a469994f65760065e20dc,"U.S., Japan agree to maximize diplomatic pressure on North Korea","TOKYO ‚Äî U.S. and Japanese diplomats agreed Tuesday to maximize pressure on North Korea to resolve tensions over its nuclear program, while citing the need to be prepared for the worst if diplomacy fails.",2017-10-17 13:01:05,http://www.pbs.org/newshour/rundown/u-s-japan-agree-maximize-diplomatic-pressure-north-korea/,Others
356996cf6e07aae7f678bb5b84e5b92ddddb8ce278f5f5baa15dec3c00699faf,News Wrap: Dozens missing after deadly Mogadishu truck bombing,"In our news wrap Monday, more than 300 people are confirmed dead and nearly 400 wounded after Saturday‚Äôs massive truck bombing in Somalia‚Äôs capital Mogadishu. The government blamed the al-Qaida-linked group al-Shabab. Also, 31-year-old conservative Sebastian Kurz is set to become the Austria‚Äôs next leader in another shift to the right in European politics.",2017-10-16 22:45:17,http://www.pbs.org/newshour/bb/news-wrap-dozens-missing-deadly-mogadishu-truck-bombing/,Others
082d19e79ce264bc64a290a6a351c072efb4e2e7829c141e0ac97e4be752c4a0,Why a power struggle has broken out over Kirkuk,"Two vital American allies have reignited their rivalry in Iraq. After months of simmering tensions, national military forces and militia moved to push Kurdish forces out of the disputed city of Kirkuk. Three weeks ago, the Kurds held a referendum to split from Iraq. Lisa Desjardins reports and Judy Woodruff talks with Emma Sky of Yale University and Feisal Istrabadi of Indiana University.",2017-10-16 22:40:31,http://www.pbs.org/newshour/bb/power-struggle-broken-kirkuk/,Others
46c15bbc87961355debea5a14355967ec8dc624e76cf82cd596a59b641195dd1,Rex Tillerson says continue diplomacy with North Korea ‚Äòuntil first bomb drops‚Äô,"That statement comes despite President Donald Trump's tweets a couple of weeks ago that his chief envoy was ""wasting his time"" trying to negotiate with ""Little Rocket Man,"" a mocking nickname Trump has given the nuclear-armed nation's leader, Kim Jong Un.",2017-10-16 11:08:00,http://www.pbs.org/newshour/rundown/rex-tillerson-says-continue-diplomacy-north-korea-first-bomb-drops/,Others
bed41e1fdd45ff1fb7fc1ed95320ecdf2b159a9a7ddf92ea9004e778f3ade6fa,"Iraqi, Kurdish forces in standoff, weeks after Kurdish vote for independence","Iraqi army and Kurdish troops are in a standoff in Kirkuk, a city located in the Kurdistan region, which voted for independence from Iraq last month. Kirkuk holds 10 percent of Iraq‚Äôs oil reserves. Washington Post reporter Loveday Morris, who is covering the standoff, joins Hari Sreenivasan via Skype from Baghdad.",2017-10-15 20:33:23,http://www.pbs.org/newshour/bb/iraqi-kurdish-forces-standoff-weeks-kurdish-vote-independence/,Others
914897e53dd7cb015347909e1c05c6d28f3bb9490c3026d161fb11066698c4f1,South Sudan civil war causes Africa‚Äôs worst refugee crisis,"South Sudan‚Äôs four-year civil war has left half of the nation‚Äôs population, 6 million people, in need of humanitarian aid and caused one of the world‚Äôs worst refugee crises. With support from the U.S. Holocaust Memorial Museum‚Äôs Center for the Prevention of Genocide, NewsHour Weekend Special Correspondent Simona Foltyn and journalist Jason Patinkin traveled to Uganda to meet people desperate for asylum.",2017-10-15 19:26:17,http://www.pbs.org/newshour/bb/south-sudan-civil-war-causes-africas-worst-refugee-crisis/,Others
b15a1b276b99853a4de3af7fb45b155d8bb52d1370b94b8d45a0443ac29063fe,Hundreds dead after massive truck bomb strikes Mogadishu,At least 231 people were killed and hundreds more wounded after a massive truck bomb on Saturday struck Somalia's capital city of Mogadishu.,2017-10-15 16:27:49,http://www.pbs.org/newshour/rundown/hundreds-dead-massive-truck-bomb-strikes-mogadishu/,Others
055543d6035f43b15c56faf8c0ffb0afc07e996624702b2169d92a737dcfc78b,Column: Why reporting from South Sudan is so difficult ‚Äî and critically needed,"The war has had a devastating impact on South Sudanese communities, but much of it has remained out of the limelight of international media.",2017-10-15 14:27:40,http://www.pbs.org/newshour/updates/reporters-notebook-reporting-south-sudan-difficult-critically-needed/,Others
